<?xml version="1.0" encoding="UTF-8" standalone="no"?>
<DIAGRAMA ID="1" TIPO="tpConceitual" UniversalUnicID="856C-93-AD6E-47-CB5-E4-3E">
<InfoDiagrama ID="1">
<Versao Valor="3.2.0"/>
<Autores/>
<Observacao/>
<Width Valor="4096"/>
<Height Valor="4096"/>
<Alinhamento_v Valor="50"/>
<Alinhamento_h Valor="60"/>
<Zoom Valor="75"/>
<Fonte Estilo="1" Nome="Arial" Tamanho="12"/>
<Localizacao Left="690" Top="299"/>
<Realce Valor="false"/>
</InfoDiagrama>
<Entidade ID="3">
<Bounds Height="58" Left="1843" Top="947" Width="120"/>
<DisablePainted Valor="false"/>
<Texto>Cargo</Texto>
<Observacao/>
<Dicionario/>
<Fonte Estilo="1" Nome="Arial" Tamanho="12"/>
<Ancorado Valor="false"/>
<AtributosOcultos Valor=""/>
</Entidade>
<Atributo ID="4">
<Bounds Height="14" Left="1883" Top="907" Width="77"/>
<DisablePainted Valor="false"/>
<Texto>ID_cargo</Texto>
<Observacao/>
<Dicionario/>
<Fonte Estilo="1" Nome="Arial" Tamanho="12"/>
<Ancorado Valor="false"/>
<DirecaoFromInspector Valor="0"/>
<Autosize Valor="true"/>
<Identificador Valor="true"/>
<Opcional Valor="false"/>
<Multivalorado Valor="false"/>
<CardMinFromString Valor="1"/>
<CardMaxFromString Valor="n"/>
<TipoAtributo Valor="INT"/>
</Atributo>
<Ligacao ID="5">
<DisablePainted Valor="false"/>
<Tag LinhaMestre="-1"/>
<Dashed Valor="false"/>
<Ancorado Valor="false"/>
<TemSetaPontaA Valor="false"/>
<TemSetaPontaB Valor="false"/>
<SetaAberta Valor="true"/>
<SetaLargura Valor="10"/>
<Inteligente Valor="true"/>
<Largura Valor="1"/>
<Ligacoes PontaA="4" PontaB="3"/>
<Pontos>
<Ponto Left="1879" Top="911"/>
<Ponto Left="1854" Top="911"/>
<Ponto Left="1854" Top="943"/>
</Pontos>
</Ligacao>
<Atributo ID="6">
<Bounds Height="14" Left="1897" Top="926" Width="57"/>
<DisablePainted Valor="false"/>
<Texto>Nome</Texto>
<Observacao/>
<Dicionario/>
<Fonte Estilo="1" Nome="Arial" Tamanho="12"/>
<Ancorado Valor="false"/>
<DirecaoFromInspector Valor="0"/>
<Autosize Valor="true"/>
<Identificador Valor="false"/>
<Opcional Valor="false"/>
<Multivalorado Valor="false"/>
<CardMinFromString Valor="1"/>
<CardMaxFromString Valor="n"/>
<TipoAtributo Valor="varchar(60)"/>
</Atributo>
<Ligacao ID="7">
<DisablePainted Valor="false"/>
<Tag LinhaMestre="-1"/>
<Dashed Valor="false"/>
<Ancorado Valor="false"/>
<TemSetaPontaA Valor="false"/>
<TemSetaPontaB Valor="false"/>
<SetaAberta Valor="true"/>
<SetaLargura Valor="10"/>
<Inteligente Valor="true"/>
<Largura Valor="1"/>
<Ligacoes PontaA="6" PontaB="3"/>
<Pontos>
<Ponto Left="1893" Top="930"/>
<Ponto Left="1868" Top="930"/>
<Ponto Left="1868" Top="943"/>
</Pontos>
</Ligacao>
<Entidade ID="17">
<Bounds Height="58" Left="1578" Top="1027" Width="120"/>
<DisablePainted Valor="false"/>
<Texto>Funcionario</Texto>
<Observacao/>
<Dicionario/>
<Fonte Estilo="1" Nome="Arial" Tamanho="12"/>
<Ancorado Valor="false"/>
<AtributosOcultos Valor=""/>
</Entidade>
<Atributo ID="22">
<Bounds Height="14" Left="1717" Top="1007" Width="113"/>
<DisablePainted Valor="false"/>
<Texto>ID_funcionario</Texto>
<Observacao/>
<Dicionario/>
<Fonte Estilo="1" Nome="Arial" Tamanho="12"/>
<Ancorado Valor="false"/>
<DirecaoFromInspector Valor="0"/>
<Autosize Valor="true"/>
<Identificador Valor="true"/>
<Opcional Valor="false"/>
<Multivalorado Valor="false"/>
<CardMinFromString Valor="1"/>
<CardMaxFromString Valor="n"/>
<TipoAtributo Valor="INT"/>
</Atributo>
<Ligacao ID="23">
<DisablePainted Valor="false"/>
<Tag LinhaMestre="-1"/>
<Dashed Valor="false"/>
<Ancorado Valor="false"/>
<TemSetaPontaA Valor="false"/>
<TemSetaPontaB Valor="false"/>
<SetaAberta Valor="true"/>
<SetaLargura Valor="10"/>
<Inteligente Valor="true"/>
<Largura Valor="1"/>
<Ligacoes PontaA="17" PontaB="22"/>
<Pontos>
<Ponto Left="1695" Top="1033"/>
<Ponto Left="1704" Top="1033"/>
<Ponto Left="1704" Top="1011"/>
<Ponto Left="1713" Top="1011"/>
</Pontos>
</Ligacao>
<Atributo ID="27">
<Bounds Height="14" Left="1611" Top="875" Width="57"/>
<DisablePainted Valor="false"/>
<Texto>Nome</Texto>
<Observacao/>
<Dicionario/>
<Fonte Estilo="1" Nome="Arial" Tamanho="12"/>
<Ancorado Valor="false"/>
<DirecaoFromInspector Valor="0"/>
<Autosize Valor="true"/>
<Identificador Valor="false"/>
<Opcional Valor="false"/>
<Multivalorado Valor="false"/>
<CardMinFromString Valor="1"/>
<CardMaxFromString Valor="n"/>
<TipoAtributo Valor="varchar(60)"/>
</Atributo>
<Ligacao ID="28">
<DisablePainted Valor="false"/>
<Tag LinhaMestre="-1"/>
<Dashed Valor="false"/>
<Ancorado Valor="false"/>
<TemSetaPontaA Valor="false"/>
<TemSetaPontaB Valor="false"/>
<SetaAberta Valor="true"/>
<SetaLargura Valor="10"/>
<Inteligente Valor="true"/>
<Largura Valor="1"/>
<Ligacoes PontaA="27" PontaB="17"/>
<Pontos>
<Ponto Left="1607" Top="879"/>
<Ponto Left="1589" Top="879"/>
<Ponto Left="1589" Top="1023"/>
</Pontos>
</Ligacao>
<Atributo ID="29">
<Bounds Height="14" Left="1625" Top="890" Width="91"/>
<DisablePainted Valor="false"/>
<Texto>Sobrenome</Texto>
<Observacao/>
<Dicionario/>
<Fonte Estilo="1" Nome="Arial" Tamanho="12"/>
<Ancorado Valor="false"/>
<DirecaoFromInspector Valor="0"/>
<Autosize Valor="true"/>
<Identificador Valor="false"/>
<Opcional Valor="false"/>
<Multivalorado Valor="false"/>
<CardMinFromString Valor="1"/>
<CardMaxFromString Valor="n"/>
<TipoAtributo Valor="Varchar(100)"/>
</Atributo>
<Ligacao ID="30">
<DisablePainted Valor="false"/>
<Tag LinhaMestre="-1"/>
<Dashed Valor="false"/>
<Ancorado Valor="false"/>
<TemSetaPontaA Valor="false"/>
<TemSetaPontaB Valor="false"/>
<SetaAberta Valor="true"/>
<SetaLargura Valor="10"/>
<Inteligente Valor="true"/>
<Largura Valor="1"/>
<Ligacoes PontaA="29" PontaB="17"/>
<Pontos>
<Ponto Left="1621" Top="894"/>
<Ponto Left="1603" Top="894"/>
<Ponto Left="1603" Top="1023"/>
</Pontos>
</Ligacao>
<Atributo ID="31">
<Bounds Height="14" Left="1639" Top="909" Width="50"/>
<DisablePainted Valor="false"/>
<Texto>CNH</Texto>
<Observacao/>
<Dicionario/>
<Fonte Estilo="1" Nome="Arial" Tamanho="12"/>
<Ancorado Valor="false"/>
<DirecaoFromInspector Valor="0"/>
<Autosize Valor="true"/>
<Identificador Valor="false"/>
<Opcional Valor="false"/>
<Multivalorado Valor="false"/>
<CardMinFromString Valor="1"/>
<CardMaxFromString Valor="n"/>
<TipoAtributo Valor="INT"/>
</Atributo>
<Ligacao ID="32">
<DisablePainted Valor="false"/>
<Tag LinhaMestre="-1"/>
<Dashed Valor="false"/>
<Ancorado Valor="false"/>
<TemSetaPontaA Valor="false"/>
<TemSetaPontaB Valor="false"/>
<SetaAberta Valor="true"/>
<SetaLargura Valor="10"/>
<Inteligente Valor="true"/>
<Largura Valor="1"/>
<Ligacoes PontaA="31" PontaB="17"/>
<Pontos>
<Ponto Left="1635" Top="913"/>
<Ponto Left="1617" Top="913"/>
<Ponto Left="1617" Top="1023"/>
</Pontos>
</Ligacao>
<Atributo ID="33">
<Bounds Height="14" Left="1653" Top="928" Width="73"/>
<DisablePainted Valor="false"/>
<Texto>Telefone</Texto>
<Observacao/>
<Dicionario/>
<Fonte Estilo="1" Nome="Arial" Tamanho="12"/>
<Ancorado Valor="false"/>
<DirecaoFromInspector Valor="0"/>
<Autosize Valor="true"/>
<Identificador Valor="false"/>
<Opcional Valor="false"/>
<Multivalorado Valor="false"/>
<CardMinFromString Valor="1"/>
<CardMaxFromString Valor="n"/>
<TipoAtributo Valor="INT"/>
</Atributo>
<Ligacao ID="34">
<DisablePainted Valor="false"/>
<Tag LinhaMestre="-1"/>
<Dashed Valor="false"/>
<Ancorado Valor="false"/>
<TemSetaPontaA Valor="false"/>
<TemSetaPontaB Valor="false"/>
<SetaAberta Valor="true"/>
<SetaLargura Valor="10"/>
<Inteligente Valor="true"/>
<Largura Valor="1"/>
<Ligacoes PontaA="33" PontaB="17"/>
<Pontos>
<Ponto Left="1649" Top="932"/>
<Ponto Left="1631" Top="932"/>
<Ponto Left="1631" Top="1023"/>
</Pontos>
</Ligacao>
<Atributo ID="35">
<Bounds Height="14" Left="1667" Top="947" Width="55"/>
<DisablePainted Valor="false"/>
<Texto>Email</Texto>
<Observacao/>
<Dicionario/>
<Fonte Estilo="1" Nome="Arial" Tamanho="12"/>
<Ancorado Valor="false"/>
<DirecaoFromInspector Valor="0"/>
<Autosize Valor="true"/>
<Identificador Valor="false"/>
<Opcional Valor="false"/>
<Multivalorado Valor="false"/>
<CardMinFromString Valor="1"/>
<CardMaxFromString Valor="n"/>
<TipoAtributo Valor="Varchar(100)"/>
</Atributo>
<Ligacao ID="36">
<DisablePainted Valor="false"/>
<Tag LinhaMestre="-1"/>
<Dashed Valor="false"/>
<Ancorado Valor="false"/>
<TemSetaPontaA Valor="false"/>
<TemSetaPontaB Valor="false"/>
<SetaAberta Valor="true"/>
<SetaLargura Valor="10"/>
<Inteligente Valor="true"/>
<Largura Valor="1"/>
<Ligacoes PontaA="35" PontaB="17"/>
<Pontos>
<Ponto Left="1663" Top="951"/>
<Ponto Left="1645" Top="951"/>
<Ponto Left="1645" Top="1023"/>
</Pontos>
</Ligacao>
<Atributo ID="37">
<Bounds Height="14" Left="1681" Top="966" Width="78"/>
<DisablePainted Valor="false"/>
<Texto>ID_status</Texto>
<Observacao/>
<Dicionario/>
<Fonte Estilo="1" Nome="Arial" Tamanho="12"/>
<Ancorado Valor="false"/>
<DirecaoFromInspector Valor="0"/>
<Autosize Valor="true"/>
<Identificador Valor="false"/>
<Opcional Valor="false"/>
<Multivalorado Valor="false"/>
<CardMinFromString Valor="1"/>
<CardMaxFromString Valor="n"/>
<TipoAtributo Valor="INT"/>
</Atributo>
<Ligacao ID="38">
<DisablePainted Valor="false"/>
<Tag LinhaMestre="-1"/>
<Dashed Valor="false"/>
<Ancorado Valor="false"/>
<TemSetaPontaA Valor="false"/>
<TemSetaPontaB Valor="false"/>
<SetaAberta Valor="true"/>
<SetaLargura Valor="10"/>
<Inteligente Valor="true"/>
<Largura Valor="1"/>
<Ligacoes PontaA="37" PontaB="17"/>
<Pontos>
<Ponto Left="1677" Top="970"/>
<Ponto Left="1659" Top="970"/>
<Ponto Left="1659" Top="1023"/>
</Pontos>
</Ligacao>
<Entidade ID="43">
<Bounds Height="58" Left="2439" Top="1127" Width="120"/>
<DisablePainted Valor="false"/>
<Texto>Usuario</Texto>
<Observacao/>
<Dicionario/>
<Fonte Estilo="1" Nome="Arial" Tamanho="12"/>
<Ancorado Valor="false"/>
<AtributosOcultos Valor=""/>
</Entidade>
<Atributo ID="44">
<Bounds Height="14" Left="2272" Top="1114" Width="89"/>
<DisablePainted Valor="false"/>
<Texto>ID_usuario</Texto>
<Observacao/>
<Dicionario/>
<Fonte Estilo="1" Nome="Arial" Tamanho="12"/>
<Ancorado Valor="false"/>
<DirecaoFromInspector Valor="1"/>
<Autosize Valor="true"/>
<Identificador Valor="true"/>
<Opcional Valor="false"/>
<Multivalorado Valor="false"/>
<CardMinFromString Valor="1"/>
<CardMaxFromString Valor="n"/>
<TipoAtributo Valor="INT"/>
</Atributo>
<Ligacao ID="45">
<DisablePainted Valor="false"/>
<Tag LinhaMestre="-1"/>
<Dashed Valor="false"/>
<Ancorado Valor="false"/>
<TemSetaPontaA Valor="false"/>
<TemSetaPontaB Valor="false"/>
<SetaAberta Valor="true"/>
<SetaLargura Valor="10"/>
<Inteligente Valor="true"/>
<Largura Valor="1"/>
<Ligacoes PontaA="44" PontaB="43"/>
<Pontos>
<Ponto Left="2359" Top="1118"/>
<Ponto Left="2397" Top="1118"/>
<Ponto Left="2397" Top="1146"/>
<Ponto Left="2435" Top="1146"/>
</Pontos>
</Ligacao>
<Atributo ID="46">
<Bounds Height="14" Left="2269" Top="1146" Width="57"/>
<DisablePainted Valor="false"/>
<Texto>Nome</Texto>
<Observacao/>
<Dicionario/>
<Fonte Estilo="1" Nome="Arial" Tamanho="12"/>
<Ancorado Valor="false"/>
<DirecaoFromInspector Valor="1"/>
<Autosize Valor="true"/>
<Identificador Valor="false"/>
<Opcional Valor="false"/>
<Multivalorado Valor="false"/>
<CardMinFromString Valor="1"/>
<CardMaxFromString Valor="n"/>
<TipoAtributo Valor="varchar(60)"/>
</Atributo>
<Ligacao ID="47">
<DisablePainted Valor="false"/>
<Tag LinhaMestre="-1"/>
<Dashed Valor="false"/>
<Ancorado Valor="false"/>
<TemSetaPontaA Valor="false"/>
<TemSetaPontaB Valor="false"/>
<SetaAberta Valor="true"/>
<SetaLargura Valor="10"/>
<Inteligente Valor="true"/>
<Largura Valor="1"/>
<Ligacoes PontaA="46" PontaB="43"/>
<Pontos>
<Ponto Left="2324" Top="1150"/>
<Ponto Left="2379" Top="1150"/>
<Ponto Left="2379" Top="1161"/>
<Ponto Left="2435" Top="1161"/>
</Pontos>
</Ligacao>
<Atributo ID="48">
<Bounds Height="14" Left="2247" Top="1160" Width="67"/>
<DisablePainted Valor="false"/>
<Texto>Apelido</Texto>
<Observacao/>
<Dicionario/>
<Fonte Estilo="1" Nome="Arial" Tamanho="12"/>
<Ancorado Valor="false"/>
<DirecaoFromInspector Valor="1"/>
<Autosize Valor="true"/>
<Identificador Valor="false"/>
<Opcional Valor="false"/>
<Multivalorado Valor="false"/>
<CardMinFromString Valor="1"/>
<CardMaxFromString Valor="n"/>
<TipoAtributo Valor="varchar(60)"/>
</Atributo>
<Ligacao ID="49">
<DisablePainted Valor="false"/>
<Tag LinhaMestre="-1"/>
<Dashed Valor="false"/>
<Ancorado Valor="false"/>
<TemSetaPontaA Valor="false"/>
<TemSetaPontaB Valor="false"/>
<SetaAberta Valor="true"/>
<SetaLargura Valor="10"/>
<Inteligente Valor="true"/>
<Largura Valor="1"/>
<Ligacoes PontaA="48" PontaB="43"/>
<Pontos>
<Ponto Left="2312" Top="1164"/>
<Ponto Left="2373" Top="1164"/>
<Ponto Left="2373" Top="1165"/>
<Ponto Left="2435" Top="1165"/>
</Pontos>
</Ligacao>
<Atributo ID="50">
<Bounds Height="14" Left="2279" Top="1127" Width="59"/>
<DisablePainted Valor="false"/>
<Texto>Senha</Texto>
<Observacao/>
<Dicionario/>
<Fonte Estilo="1" Nome="Arial" Tamanho="12"/>
<Ancorado Valor="false"/>
<DirecaoFromInspector Valor="1"/>
<Autosize Valor="true"/>
<Identificador Valor="false"/>
<Opcional Valor="false"/>
<Multivalorado Valor="false"/>
<CardMinFromString Valor="1"/>
<CardMaxFromString Valor="n"/>
<TipoAtributo Valor="varchar(60)"/>
</Atributo>
<Ligacao ID="51">
<DisablePainted Valor="false"/>
<Tag LinhaMestre="-1"/>
<Dashed Valor="false"/>
<Ancorado Valor="false"/>
<TemSetaPontaA Valor="false"/>
<TemSetaPontaB Valor="false"/>
<SetaAberta Valor="true"/>
<SetaLargura Valor="10"/>
<Inteligente Valor="true"/>
<Largura Valor="1"/>
<Ligacoes PontaA="50" PontaB="43"/>
<Pontos>
<Ponto Left="2336" Top="1131"/>
<Ponto Left="2385" Top="1131"/>
<Ponto Left="2385" Top="1152"/>
<Ponto Left="2435" Top="1152"/>
</Pontos>
</Ligacao>
<Ligacao ID="109">
<DisablePainted Valor="false"/>
<Tag LinhaMestre="-1"/>
<Dashed Valor="false"/>
<Ancorado Valor="false"/>
<TemSetaPontaA Valor="false"/>
<TemSetaPontaB Valor="false"/>
<SetaAberta Valor="true"/>
<SetaLargura Valor="10"/>
<Inteligente Valor="true"/>
<Largura Valor="1"/>
<Ligacoes PontaA="110" PontaB="17"/>
<Pontos>
<Ponto Left="1761" Top="1050"/>
<Ponto Left="1728" Top="1050"/>
<Ponto Left="1728" Top="1059"/>
<Ponto Left="1695" Top="1059"/>
</Pontos>
<Cardinalidade ID="111">
<Bounds Height="15" Left="1705" Top="1046" Width="34"/>
<DisablePainted Valor="false"/>
<Texto>Cardinalidade_1</Texto>
<Observacao/>
<Dicionario/>
<Fonte Estilo="1" Nome="Arial" Tamanho="12"/>
<Ancorado Valor="false"/>
<TamanhoAutmatico Valor="true"/>
<Card Valor="0"/>
<MovimentacaoManual Valor="false"/>
<Papel Valor=""/>
</Cardinalidade>
</Ligacao>
<Relacionamento ID="110">
<Bounds Height="50" Left="1764" Top="1028" Width="150"/>
<DisablePainted Valor="false"/>
<Texto>Hierarquia</Texto>
<Observacao/>
<Dicionario/>
<Fonte Estilo="1" Nome="Arial" Tamanho="12"/>
<Ancorado Valor="false"/>
</Relacionamento>
<Ligacao ID="112">
<DisablePainted Valor="false"/>
<Tag LinhaMestre="-1"/>
<Dashed Valor="false"/>
<Ancorado Valor="false"/>
<TemSetaPontaA Valor="false"/>
<TemSetaPontaB Valor="false"/>
<SetaAberta Valor="true"/>
<SetaLargura Valor="10"/>
<Inteligente Valor="true"/>
<Largura Valor="1"/>
<Ligacoes PontaA="3" PontaB="110"/>
<Pontos>
<Ponto Left="1891" Top="1002"/>
<Ponto Left="1891" Top="1013"/>
<Ponto Left="1921" Top="1013"/>
<Ponto Left="1921" Top="1050"/>
<Ponto Left="1911" Top="1050"/>
</Pontos>
<Cardinalidade ID="113">
<Bounds Height="15" Left="1859" Top="1012" Width="34"/>
<DisablePainted Valor="false"/>
<Texto>Cardinalidade_2</Texto>
<Observacao/>
<Dicionario/>
<Fonte Estilo="1" Nome="Arial" Tamanho="12"/>
<Ancorado Valor="false"/>
<TamanhoAutmatico Valor="true"/>
<Card Valor="0"/>
<MovimentacaoManual Valor="false"/>
<Papel Valor=""/>
</Cardinalidade>
</Ligacao>
<Atributo ID="118">
<Bounds Height="14" Left="1695" Top="985" Width="77"/>
<DisablePainted Valor="false"/>
<Texto>ID_cargo</Texto>
<Observacao/>
<Dicionario/>
<Fonte Estilo="1" Nome="Arial" Tamanho="12"/>
<Ancorado Valor="false"/>
<DirecaoFromInspector Valor="0"/>
<Autosize Valor="true"/>
<Identificador Valor="true"/>
<Opcional Valor="false"/>
<Multivalorado Valor="false"/>
<CardMinFromString Valor="1"/>
<CardMaxFromString Valor="n"/>
<TipoAtributo Valor="INT"/>
</Atributo>
<Ligacao ID="119">
<DisablePainted Valor="false"/>
<Tag LinhaMestre="-1"/>
<Dashed Valor="false"/>
<Ancorado Valor="false"/>
<TemSetaPontaA Valor="false"/>
<TemSetaPontaB Valor="false"/>
<SetaAberta Valor="true"/>
<SetaLargura Valor="10"/>
<Inteligente Valor="true"/>
<Largura Valor="1"/>
<Ligacoes PontaA="118" PontaB="17"/>
<Pontos>
<Ponto Left="1691" Top="989"/>
<Ponto Left="1673" Top="989"/>
<Ponto Left="1673" Top="1023"/>
</Pontos>
</Ligacao>
<Ligacao ID="131">
<DisablePainted Valor="false"/>
<Tag LinhaMestre="-1"/>
<Dashed Valor="false"/>
<Ancorado Valor="true"/>
<TemSetaPontaA Valor="false"/>
<TemSetaPontaB Valor="false"/>
<SetaAberta Valor="true"/>
<SetaLargura Valor="10"/>
<Inteligente Valor="true"/>
<Largura Valor="1"/>
<Ligacoes PontaA="132" PontaB="17"/>
<Pontos>
<Ponto Left="2211" Top="1264"/>
<Ponto Left="1953" Top="1264"/>
<Ponto Left="1953" Top="1078"/>
<Ponto Left="1695" Top="1078"/>
</Pontos>
<Cardinalidade ID="133">
<Bounds Height="15" Left="1705" Top="1065" Width="34"/>
<DisablePainted Valor="false"/>
<Texto>Cardinalidade_3</Texto>
<Observacao/>
<Dicionario/>
<Fonte Estilo="1" Nome="Arial" Tamanho="12"/>
<Ancorado Valor="false"/>
<TamanhoAutmatico Valor="true"/>
<Card Valor="0"/>
<MovimentacaoManual Valor="false"/>
<Papel Valor=""/>
</Cardinalidade>
</Ligacao>
<Relacionamento ID="132">
<Bounds Height="50" Left="2214" Top="1242" Width="204"/>
<DisablePainted Valor="false"/>
<Texto>usuario_funcionario</Texto>
<Observacao/>
<Dicionario/>
<Fonte Estilo="1" Nome="Arial" Tamanho="12"/>
<Ancorado Valor="false"/>
</Relacionamento>
<Ligacao ID="134">
<DisablePainted Valor="false"/>
<Tag LinhaMestre="-1"/>
<Dashed Valor="false"/>
<Ancorado Valor="false"/>
<TemSetaPontaA Valor="false"/>
<TemSetaPontaB Valor="false"/>
<SetaAberta Valor="true"/>
<SetaLargura Valor="10"/>
<Inteligente Valor="true"/>
<Largura Valor="1"/>
<Ligacoes PontaA="43" PontaB="132"/>
<Pontos>
<Ponto Left="2442" Top="1182"/>
<Ponto Left="2442" Top="1264"/>
<Ponto Left="2415" Top="1264"/>
</Pontos>
<Cardinalidade ID="135">
<Bounds Height="15" Left="2410" Top="1192" Width="34"/>
<DisablePainted Valor="false"/>
<Texto>Cardinalidade_4</Texto>
<Observacao/>
<Dicionario/>
<Fonte Estilo="1" Nome="Arial" Tamanho="12"/>
<Ancorado Valor="false"/>
<TamanhoAutmatico Valor="true"/>
<Card Valor="0"/>
<MovimentacaoManual Valor="false"/>
<Papel Valor=""/>
</Cardinalidade>
</Ligacao>
<Atributo ID="145">
<Bounds Height="14" Left="2271" Top="1097" Width="113"/>
<DisablePainted Valor="false"/>
<Texto>ID_funcionario</Texto>
<Observacao/>
<Dicionario/>
<Fonte Estilo="1" Nome="Arial" Tamanho="12"/>
<Ancorado Valor="false"/>
<DirecaoFromInspector Valor="1"/>
<Autosize Valor="true"/>
<Identificador Valor="true"/>
<Opcional Valor="false"/>
<Multivalorado Valor="false"/>
<CardMinFromString Valor="1"/>
<CardMaxFromString Valor="n"/>
<TipoAtributo Valor="INT"/>
</Atributo>
<Ligacao ID="146">
<DisablePainted Valor="false"/>
<Tag LinhaMestre="-1"/>
<Dashed Valor="false"/>
<Ancorado Valor="false"/>
<TemSetaPontaA Valor="false"/>
<TemSetaPontaB Valor="false"/>
<SetaAberta Valor="true"/>
<SetaLargura Valor="10"/>
<Inteligente Valor="true"/>
<Largura Valor="1"/>
<Ligacoes PontaA="145" PontaB="43"/>
<Pontos>
<Ponto Left="2382" Top="1101"/>
<Ponto Left="2408" Top="1101"/>
<Ponto Left="2408" Top="1132"/>
<Ponto Left="2435" Top="1132"/>
</Pontos>
</Ligacao>
<Entidade ID="151">
<Bounds Height="58" Left="2476" Top="1413" Width="120"/>
<DisablePainted Valor="false"/>
<Texto>Permissoes</Texto>
<Observacao/>
<Dicionario/>
<Fonte Estilo="1" Nome="Arial" Tamanho="12"/>
<Ancorado Valor="false"/>
<AtributosOcultos Valor=""/>
</Entidade>
<Atributo ID="152">
<Bounds Height="14" Left="2343" Top="1430" Width="105"/>
<DisablePainted Valor="false"/>
<Texto>ID_permissao</Texto>
<Observacao/>
<Dicionario/>
<Fonte Estilo="1" Nome="Arial" Tamanho="12"/>
<Ancorado Valor="false"/>
<DirecaoFromInspector Valor="1"/>
<Autosize Valor="true"/>
<Identificador Valor="true"/>
<Opcional Valor="false"/>
<Multivalorado Valor="false"/>
<CardMinFromString Valor="1"/>
<CardMaxFromString Valor="n"/>
<TipoAtributo Valor="INT"/>
</Atributo>
<Ligacao ID="153">
<DisablePainted Valor="false"/>
<Tag LinhaMestre="-1"/>
<Dashed Valor="false"/>
<Ancorado Valor="false"/>
<TemSetaPontaA Valor="false"/>
<TemSetaPontaB Valor="false"/>
<SetaAberta Valor="true"/>
<SetaLargura Valor="10"/>
<Inteligente Valor="true"/>
<Largura Valor="1"/>
<Ligacoes PontaA="152" PontaB="151"/>
<Pontos>
<Ponto Left="2446" Top="1434"/>
<Ponto Left="2459" Top="1434"/>
<Ponto Left="2459" Top="1432"/>
<Ponto Left="2472" Top="1432"/>
</Pontos>
</Ligacao>
<Atributo ID="154">
<Bounds Height="14" Left="2381" Top="1449" Width="57"/>
<DisablePainted Valor="false"/>
<Texto>Nome</Texto>
<Observacao/>
<Dicionario/>
<Fonte Estilo="1" Nome="Arial" Tamanho="12"/>
<Ancorado Valor="false"/>
<DirecaoFromInspector Valor="1"/>
<Autosize Valor="true"/>
<Identificador Valor="false"/>
<Opcional Valor="false"/>
<Multivalorado Valor="false"/>
<CardMinFromString Valor="1"/>
<CardMaxFromString Valor="n"/>
<TipoAtributo Valor="Varchar(100)"/>
</Atributo>
<Ligacao ID="155">
<DisablePainted Valor="false"/>
<Tag LinhaMestre="-1"/>
<Dashed Valor="false"/>
<Ancorado Valor="false"/>
<TemSetaPontaA Valor="false"/>
<TemSetaPontaB Valor="false"/>
<SetaAberta Valor="true"/>
<SetaLargura Valor="10"/>
<Inteligente Valor="true"/>
<Largura Valor="1"/>
<Ligacoes PontaA="154" PontaB="151"/>
<Pontos>
<Ponto Left="2436" Top="1453"/>
<Ponto Left="2454" Top="1453"/>
<Ponto Left="2454" Top="1460"/>
<Ponto Left="2472" Top="1460"/>
</Pontos>
</Ligacao>
<Ligacao ID="159">
<DisablePainted Valor="false"/>
<Tag LinhaMestre="-1"/>
<Dashed Valor="false"/>
<Ancorado Valor="false"/>
<TemSetaPontaA Valor="false"/>
<TemSetaPontaB Valor="false"/>
<SetaAberta Valor="true"/>
<SetaLargura Valor="10"/>
<Inteligente Valor="true"/>
<Largura Valor="1"/>
<Ligacoes PontaA="160" PontaB="151"/>
<Pontos>
<Ponto Left="2489" Top="1318"/>
<Ponto Left="2489" Top="1364"/>
<Ponto Left="2514" Top="1364"/>
<Ponto Left="2514" Top="1409"/>
</Pontos>
<Cardinalidade ID="161">
<Bounds Height="15" Left="2480" Top="1390" Width="36"/>
<DisablePainted Valor="false"/>
<Texto>Cardinalidade_5</Texto>
<Observacao/>
<Dicionario/>
<Fonte Estilo="1" Nome="Arial" Tamanho="12"/>
<Ancorado Valor="false"/>
<TamanhoAutmatico Valor="true"/>
<Card Valor="2"/>
<MovimentacaoManual Valor="false"/>
<Papel Valor=""/>
</Cardinalidade>
</Ligacao>
<Relacionamento ID="160">
<Bounds Height="50" Left="2417" Top="1271" Width="150"/>
<DisablePainted Valor="false"/>
<Texto>usuario_permissoes</Texto>
<Observacao/>
<Dicionario/>
<Fonte Estilo="1" Nome="Arial" Tamanho="12"/>
<Ancorado Valor="false"/>
</Relacionamento>
<Ligacao ID="162">
<DisablePainted Valor="false"/>
<Tag LinhaMestre="-1"/>
<Dashed Valor="false"/>
<Ancorado Valor="false"/>
<TemSetaPontaA Valor="false"/>
<TemSetaPontaB Valor="false"/>
<SetaAberta Valor="true"/>
<SetaLargura Valor="10"/>
<Inteligente Valor="true"/>
<Largura Valor="1"/>
<Ligacoes PontaA="43" PontaB="160"/>
<Pontos>
<Ponto Left="2499" Top="1182"/>
<Ponto Left="2499" Top="1225"/>
<Ponto Left="2489" Top="1225"/>
<Ponto Left="2489" Top="1268"/>
</Pontos>
<Cardinalidade ID="163">
<Bounds Height="15" Left="2465" Top="1192" Width="36"/>
<DisablePainted Valor="false"/>
<Texto>Cardinalidade_6</Texto>
<Observacao/>
<Dicionario/>
<Fonte Estilo="1" Nome="Arial" Tamanho="12"/>
<Ancorado Valor="false"/>
<TamanhoAutmatico Valor="true"/>
<Card Valor="2"/>
<MovimentacaoManual Valor="false"/>
<Papel Valor=""/>
</Cardinalidade>
</Ligacao>
<Atributo ID="172">
<Bounds Height="19" Left="2666" Top="1258" Width="163"/>
<DisablePainted Valor="false"/>
<Texto>ID_permissao_usuario</Texto>
<Observacao/>
<Dicionario/>
<Fonte Estilo="1" Nome="Arial" Tamanho="12"/>
<Ancorado Valor="false"/>
<DirecaoFromInspector Valor="0"/>
<Autosize Valor="true"/>
<Identificador Valor="true"/>
<Opcional Valor="false"/>
<Multivalorado Valor="false"/>
<CardMinFromString Valor="1"/>
<CardMaxFromString Valor="n"/>
<TipoAtributo Valor=""/>
</Atributo>
<Ligacao ID="173">
<DisablePainted Valor="false"/>
<Tag LinhaMestre="-1"/>
<Dashed Valor="false"/>
<Ancorado Valor="false"/>
<TemSetaPontaA Valor="false"/>
<TemSetaPontaB Valor="false"/>
<SetaAberta Valor="true"/>
<SetaLargura Valor="10"/>
<Inteligente Valor="true"/>
<Largura Valor="1"/>
<Ligacoes PontaA="172" PontaB="160"/>
<Pontos>
<Ponto Left="2662" Top="1264"/>
<Ponto Left="2613" Top="1264"/>
<Ponto Left="2613" Top="1285"/>
<Ponto Left="2539" Top="1285"/>
</Pontos>
</Ligacao>
<Atributo ID="180">
<Bounds Height="19" Left="2681" Top="1280" Width="94"/>
<DisablePainted Valor="false"/>
<Texto>ID_usuario</Texto>
<Observacao/>
<Dicionario/>
<Fonte Estilo="1" Nome="Arial" Tamanho="12"/>
<Ancorado Valor="false"/>
<DirecaoFromInspector Valor="0"/>
<Autosize Valor="true"/>
<Identificador Valor="true"/>
<Opcional Valor="false"/>
<Multivalorado Valor="false"/>
<CardMinFromString Valor="1"/>
<CardMaxFromString Valor="n"/>
<TipoAtributo Valor=""/>
</Atributo>
<Ligacao ID="181">
<DisablePainted Valor="false"/>
<Tag LinhaMestre="-1"/>
<Dashed Valor="false"/>
<Ancorado Valor="false"/>
<TemSetaPontaA Valor="false"/>
<TemSetaPontaB Valor="false"/>
<SetaAberta Valor="true"/>
<SetaLargura Valor="10"/>
<Inteligente Valor="true"/>
<Largura Valor="1"/>
<Ligacoes PontaA="180" PontaB="160"/>
<Pontos>
<Ponto Left="2677" Top="1286"/>
<Ponto Left="2621" Top="1286"/>
<Ponto Left="2621" Top="1293"/>
<Ponto Left="2564" Top="1293"/>
</Pontos>
</Ligacao>
<Atributo ID="182">
<Bounds Height="19" Left="2703" Top="1304" Width="110"/>
<DisablePainted Valor="false"/>
<Texto>ID_permissao</Texto>
<Observacao/>
<Dicionario/>
<Fonte Estilo="1" Nome="Arial" Tamanho="12"/>
<Ancorado Valor="false"/>
<DirecaoFromInspector Valor="0"/>
<Autosize Valor="true"/>
<Identificador Valor="true"/>
<Opcional Valor="false"/>
<Multivalorado Valor="false"/>
<CardMinFromString Valor="1"/>
<CardMaxFromString Valor="n"/>
<TipoAtributo Valor=""/>
</Atributo>
<Ligacao ID="183">
<DisablePainted Valor="false"/>
<Tag LinhaMestre="-1"/>
<Dashed Valor="false"/>
<Ancorado Valor="false"/>
<TemSetaPontaA Valor="false"/>
<TemSetaPontaB Valor="false"/>
<SetaAberta Valor="true"/>
<SetaLargura Valor="10"/>
<Inteligente Valor="true"/>
<Largura Valor="1"/>
<Ligacoes PontaA="182" PontaB="160"/>
<Pontos>
<Ponto Left="2699" Top="1310"/>
<Ponto Left="2632" Top="1310"/>
<Ponto Left="2632" Top="1328"/>
<Ponto Left="2514" Top="1328"/>
<Ponto Left="2514" Top="1310"/>
</Pontos>
</Ligacao>
<Entidade ID="189">
<Bounds Height="58" Left="1344" Top="845" Width="120"/>
<DisablePainted Valor="false"/>
<Texto>veiculo</Texto>
<Observacao/>
<Dicionario/>
<Fonte Estilo="1" Nome="Arial" Tamanho="12"/>
<Ancorado Valor="false"/>
<AtributosOcultos Valor=""/>
</Entidade>
<Atributo ID="191">
<Bounds Height="14" Left="1435" Top="630" Width="86"/>
<DisablePainted Valor="false"/>
<Texto>ID_veiculo</Texto>
<Observacao/>
<Dicionario/>
<Fonte Estilo="1" Nome="Arial" Tamanho="12"/>
<Ancorado Valor="false"/>
<DirecaoFromInspector Valor="0"/>
<Autosize Valor="true"/>
<Identificador Valor="true"/>
<Opcional Valor="false"/>
<Multivalorado Valor="false"/>
<CardMinFromString Valor="1"/>
<CardMaxFromString Valor="n"/>
<TipoAtributo Valor="INT"/>
</Atributo>
<Ligacao ID="192">
<DisablePainted Valor="false"/>
<Tag LinhaMestre="-1"/>
<Dashed Valor="false"/>
<Ancorado Valor="false"/>
<TemSetaPontaA Valor="false"/>
<TemSetaPontaB Valor="false"/>
<SetaAberta Valor="true"/>
<SetaLargura Valor="10"/>
<Inteligente Valor="true"/>
<Largura Valor="1"/>
<Ligacoes PontaA="191" PontaB="189"/>
<Pontos>
<Ponto Left="1431" Top="634"/>
<Ponto Left="1355" Top="634"/>
<Ponto Left="1355" Top="841"/>
</Pontos>
</Ligacao>
<Atributo ID="193">
<Bounds Height="14" Left="1443" Top="646" Width="54"/>
<DisablePainted Valor="false"/>
<Texto>placa</Texto>
<Observacao/>
<Dicionario/>
<Fonte Estilo="1" Nome="Arial" Tamanho="12"/>
<Ancorado Valor="false"/>
<DirecaoFromInspector Valor="0"/>
<Autosize Valor="true"/>
<Identificador Valor="false"/>
<Opcional Valor="false"/>
<Multivalorado Valor="false"/>
<CardMinFromString Valor="1"/>
<CardMaxFromString Valor="n"/>
<TipoAtributo Valor="varchar(10)"/>
</Atributo>
<Ligacao ID="194">
<DisablePainted Valor="false"/>
<Tag LinhaMestre="-1"/>
<Dashed Valor="false"/>
<Ancorado Valor="false"/>
<TemSetaPontaA Valor="false"/>
<TemSetaPontaB Valor="false"/>
<SetaAberta Valor="true"/>
<SetaLargura Valor="10"/>
<Inteligente Valor="true"/>
<Largura Valor="1"/>
<Ligacoes PontaA="193" PontaB="189"/>
<Pontos>
<Ponto Left="1439" Top="650"/>
<Ponto Left="1369" Top="650"/>
<Ponto Left="1369" Top="841"/>
</Pontos>
</Ligacao>
<Atributo ID="195">
<Bounds Height="14" Left="1458" Top="665" Width="95"/>
<DisablePainted Valor="false"/>
<Texto>Num_chassi</Texto>
<Observacao/>
<Dicionario/>
<Fonte Estilo="1" Nome="Arial" Tamanho="12"/>
<Ancorado Valor="false"/>
<DirecaoFromInspector Valor="0"/>
<Autosize Valor="true"/>
<Identificador Valor="false"/>
<Opcional Valor="false"/>
<Multivalorado Valor="false"/>
<CardMinFromString Valor="1"/>
<CardMaxFromString Valor="n"/>
<TipoAtributo Valor="INT"/>
</Atributo>
<Ligacao ID="196">
<DisablePainted Valor="false"/>
<Tag LinhaMestre="-1"/>
<Dashed Valor="false"/>
<Ancorado Valor="false"/>
<TemSetaPontaA Valor="false"/>
<TemSetaPontaB Valor="false"/>
<SetaAberta Valor="true"/>
<SetaLargura Valor="10"/>
<Inteligente Valor="true"/>
<Largura Valor="1"/>
<Ligacoes PontaA="195" PontaB="189"/>
<Pontos>
<Ponto Left="1454" Top="669"/>
<Ponto Left="1383" Top="669"/>
<Ponto Left="1383" Top="841"/>
</Pontos>
</Ligacao>
<Atributo ID="197">
<Bounds Height="14" Left="1476" Top="685" Width="77"/>
<DisablePainted Valor="false"/>
<Texto>id_status</Texto>
<Observacao/>
<Dicionario/>
<Fonte Estilo="1" Nome="Arial" Tamanho="12"/>
<Ancorado Valor="false"/>
<DirecaoFromInspector Valor="0"/>
<Autosize Valor="true"/>
<Identificador Valor="true"/>
<Opcional Valor="false"/>
<Multivalorado Valor="false"/>
<CardMinFromString Valor="1"/>
<CardMaxFromString Valor="n"/>
<TipoAtributo Valor="INT"/>
</Atributo>
<Ligacao ID="198">
<DisablePainted Valor="false"/>
<Tag LinhaMestre="-1"/>
<Dashed Valor="false"/>
<Ancorado Valor="false"/>
<TemSetaPontaA Valor="false"/>
<TemSetaPontaB Valor="false"/>
<SetaAberta Valor="true"/>
<SetaLargura Valor="10"/>
<Inteligente Valor="true"/>
<Largura Valor="1"/>
<Ligacoes PontaA="197" PontaB="189"/>
<Pontos>
<Ponto Left="1472" Top="689"/>
<Ponto Left="1397" Top="689"/>
<Ponto Left="1397" Top="841"/>
</Pontos>
</Ligacao>
<Atributo ID="202">
<Bounds Height="14" Left="1485" Top="703" Width="58"/>
<DisablePainted Valor="false"/>
<Texto>marca</Texto>
<Observacao/>
<Dicionario/>
<Fonte Estilo="1" Nome="Arial" Tamanho="12"/>
<Ancorado Valor="false"/>
<DirecaoFromInspector Valor="0"/>
<Autosize Valor="true"/>
<Identificador Valor="false"/>
<Opcional Valor="false"/>
<Multivalorado Valor="false"/>
<CardMinFromString Valor="1"/>
<CardMaxFromString Valor="n"/>
<TipoAtributo Valor="varchar(60)"/>
</Atributo>
<Ligacao ID="203">
<DisablePainted Valor="false"/>
<Tag LinhaMestre="-1"/>
<Dashed Valor="false"/>
<Ancorado Valor="false"/>
<TemSetaPontaA Valor="false"/>
<TemSetaPontaB Valor="false"/>
<SetaAberta Valor="true"/>
<SetaLargura Valor="10"/>
<Inteligente Valor="true"/>
<Largura Valor="1"/>
<Ligacoes PontaA="202" PontaB="189"/>
<Pontos>
<Ponto Left="1481" Top="707"/>
<Ponto Left="1411" Top="707"/>
<Ponto Left="1411" Top="841"/>
</Pontos>
</Ligacao>
<Atributo ID="204">
<Bounds Height="14" Left="1499" Top="722" Width="67"/>
<DisablePainted Valor="false"/>
<Texto>modelo</Texto>
<Observacao/>
<Dicionario/>
<Fonte Estilo="1" Nome="Arial" Tamanho="12"/>
<Ancorado Valor="false"/>
<DirecaoFromInspector Valor="0"/>
<Autosize Valor="true"/>
<Identificador Valor="false"/>
<Opcional Valor="false"/>
<Multivalorado Valor="false"/>
<CardMinFromString Valor="1"/>
<CardMaxFromString Valor="n"/>
<TipoAtributo Valor="varchar(60)"/>
</Atributo>
<Ligacao ID="205">
<DisablePainted Valor="false"/>
<Tag LinhaMestre="-1"/>
<Dashed Valor="false"/>
<Ancorado Valor="false"/>
<TemSetaPontaA Valor="false"/>
<TemSetaPontaB Valor="false"/>
<SetaAberta Valor="true"/>
<SetaLargura Valor="10"/>
<Inteligente Valor="true"/>
<Largura Valor="1"/>
<Ligacoes PontaA="204" PontaB="189"/>
<Pontos>
<Ponto Left="1495" Top="726"/>
<Ponto Left="1425" Top="726"/>
<Ponto Left="1425" Top="841"/>
</Pontos>
</Ligacao>
<Atributo ID="206">
<Bounds Height="14" Left="1513" Top="741" Width="42"/>
<DisablePainted Valor="false"/>
<Texto>cor</Texto>
<Observacao/>
<Dicionario/>
<Fonte Estilo="1" Nome="Arial" Tamanho="12"/>
<Ancorado Valor="false"/>
<DirecaoFromInspector Valor="0"/>
<Autosize Valor="true"/>
<Identificador Valor="false"/>
<Opcional Valor="false"/>
<Multivalorado Valor="false"/>
<CardMinFromString Valor="1"/>
<CardMaxFromString Valor="n"/>
<TipoAtributo Valor="varchar(60)"/>
</Atributo>
<Ligacao ID="207">
<DisablePainted Valor="false"/>
<Tag LinhaMestre="-1"/>
<Dashed Valor="false"/>
<Ancorado Valor="false"/>
<TemSetaPontaA Valor="false"/>
<TemSetaPontaB Valor="false"/>
<SetaAberta Valor="true"/>
<SetaLargura Valor="10"/>
<Inteligente Valor="true"/>
<Largura Valor="1"/>
<Ligacoes PontaA="206" PontaB="189"/>
<Pontos>
<Ponto Left="1509" Top="745"/>
<Ponto Left="1439" Top="745"/>
<Ponto Left="1439" Top="841"/>
</Pontos>
</Ligacao>
<Entidade ID="212">
<Bounds Height="58" Left="966" Top="998" Width="120"/>
<DisablePainted Valor="false"/>
<Texto>servico</Texto>
<Observacao/>
<Dicionario/>
<Fonte Estilo="1" Nome="Arial" Tamanho="12"/>
<Ancorado Valor="false"/>
<AtributosOcultos Valor=""/>
</Entidade>
<Atributo ID="213">
<Bounds Height="14" Left="868" Top="1057" Width="86"/>
<DisablePainted Valor="false"/>
<Texto>ID_servico</Texto>
<Observacao/>
<Dicionario/>
<Fonte Estilo="1" Nome="Arial" Tamanho="12"/>
<Ancorado Valor="false"/>
<DirecaoFromInspector Valor="1"/>
<Autosize Valor="true"/>
<Identificador Valor="true"/>
<Opcional Valor="false"/>
<Multivalorado Valor="false"/>
<CardMinFromString Valor="1"/>
<CardMaxFromString Valor="n"/>
<TipoAtributo Valor="INT"/>
</Atributo>
<Ligacao ID="214">
<DisablePainted Valor="false"/>
<Tag LinhaMestre="-1"/>
<Dashed Valor="false"/>
<Ancorado Valor="false"/>
<TemSetaPontaA Valor="false"/>
<TemSetaPontaB Valor="false"/>
<SetaAberta Valor="true"/>
<SetaLargura Valor="10"/>
<Inteligente Valor="true"/>
<Largura Valor="1"/>
<Ligacoes PontaA="213" PontaB="212"/>
<Pontos>
<Ponto Left="952" Top="1061"/>
<Ponto Left="970" Top="1061"/>
<Ponto Left="970" Top="1053"/>
</Pontos>
</Ligacao>
<Atributo ID="215">
<Bounds Height="14" Left="880" Top="1092" Width="75"/>
<DisablePainted Valor="false"/>
<Texto>dt_inicio</Texto>
<Observacao/>
<Dicionario/>
<Fonte Estilo="1" Nome="Arial" Tamanho="12"/>
<Ancorado Valor="false"/>
<DirecaoFromInspector Valor="1"/>
<Autosize Valor="true"/>
<Identificador Valor="false"/>
<Opcional Valor="false"/>
<Multivalorado Valor="false"/>
<CardMinFromString Valor="1"/>
<CardMaxFromString Valor="n"/>
<TipoAtributo Valor="Date"/>
</Atributo>
<Ligacao ID="216">
<DisablePainted Valor="false"/>
<Tag LinhaMestre="-1"/>
<Dashed Valor="false"/>
<Ancorado Valor="false"/>
<TemSetaPontaA Valor="false"/>
<TemSetaPontaB Valor="false"/>
<SetaAberta Valor="true"/>
<SetaLargura Valor="10"/>
<Inteligente Valor="true"/>
<Largura Valor="1"/>
<Ligacoes PontaA="215" PontaB="212"/>
<Pontos>
<Ponto Left="953" Top="1096"/>
<Ponto Left="998" Top="1096"/>
<Ponto Left="998" Top="1053"/>
</Pontos>
</Ligacao>
<Atributo ID="217">
<Bounds Height="14" Left="898" Top="1113" Width="59"/>
<DisablePainted Valor="false"/>
<Texto>dt_fim</Texto>
<Observacao/>
<Dicionario/>
<Fonte Estilo="1" Nome="Arial" Tamanho="12"/>
<Ancorado Valor="false"/>
<DirecaoFromInspector Valor="1"/>
<Autosize Valor="true"/>
<Identificador Valor="false"/>
<Opcional Valor="false"/>
<Multivalorado Valor="false"/>
<CardMinFromString Valor="1"/>
<CardMaxFromString Valor="n"/>
<TipoAtributo Valor="Date"/>
</Atributo>
<Ligacao ID="218">
<DisablePainted Valor="false"/>
<Tag LinhaMestre="-1"/>
<Dashed Valor="false"/>
<Ancorado Valor="false"/>
<TemSetaPontaA Valor="false"/>
<TemSetaPontaB Valor="false"/>
<SetaAberta Valor="true"/>
<SetaLargura Valor="10"/>
<Inteligente Valor="true"/>
<Largura Valor="1"/>
<Ligacoes PontaA="217" PontaB="212"/>
<Pontos>
<Ponto Left="955" Top="1117"/>
<Ponto Left="1023" Top="1117"/>
<Ponto Left="1023" Top="1053"/>
</Pontos>
</Ligacao>
<Atributo ID="219">
<Bounds Height="13" Left="902" Top="1073" Width="52"/>
<DisablePainted Valor="false"/>
<Texto>valor</Texto>
<Observacao/>
<Dicionario/>
<Fonte Estilo="1" Nome="Arial" Tamanho="12"/>
<Ancorado Valor="false"/>
<DirecaoFromInspector Valor="1"/>
<Autosize Valor="true"/>
<Identificador Valor="false"/>
<Opcional Valor="false"/>
<Multivalorado Valor="false"/>
<CardMinFromString Valor="1"/>
<CardMaxFromString Valor="n"/>
<TipoAtributo Valor=""/>
</Atributo>
<Ligacao ID="220">
<DisablePainted Valor="false"/>
<Tag LinhaMestre="-1"/>
<Dashed Valor="false"/>
<Ancorado Valor="false"/>
<TemSetaPontaA Valor="false"/>
<TemSetaPontaB Valor="false"/>
<SetaAberta Valor="true"/>
<SetaLargura Valor="10"/>
<Inteligente Valor="true"/>
<Largura Valor="1"/>
<Ligacoes PontaA="219" PontaB="212"/>
<Pontos>
<Ponto Left="952" Top="1076"/>
<Ponto Left="984" Top="1076"/>
<Ponto Left="984" Top="1053"/>
</Pontos>
</Ligacao>
<Ligacao ID="235">
<DisablePainted Valor="false"/>
<Tag LinhaMestre="-1"/>
<Dashed Valor="false"/>
<Ancorado Valor="false"/>
<TemSetaPontaA Valor="false"/>
<TemSetaPontaB Valor="false"/>
<SetaAberta Valor="true"/>
<SetaLargura Valor="10"/>
<Inteligente Valor="true"/>
<Largura Valor="1"/>
<Ligacoes PontaA="236" PontaB="212"/>
<Pontos>
<Ponto Left="1295" Top="1030"/>
<Ponto Left="1189" Top="1030"/>
<Ponto Left="1189" Top="1023"/>
<Ponto Left="1083" Top="1023"/>
</Pontos>
<Cardinalidade ID="237">
<Bounds Height="15" Left="1093" Top="1010" Width="34"/>
<DisablePainted Valor="false"/>
<Texto>Cardinalidade_7</Texto>
<Observacao/>
<Dicionario/>
<Fonte Estilo="1" Nome="Arial" Tamanho="12"/>
<Ancorado Valor="false"/>
<TamanhoAutmatico Valor="true"/>
<Card Valor="0"/>
<MovimentacaoManual Valor="false"/>
<Papel Valor=""/>
</Cardinalidade>
</Ligacao>
<Relacionamento ID="236">
<Bounds Height="50" Left="1298" Top="1008" Width="150"/>
<DisablePainted Valor="false"/>
<Texto>Reserva</Texto>
<Observacao/>
<Dicionario/>
<Fonte Estilo="1" Nome="Arial" Tamanho="12"/>
<Ancorado Valor="false"/>
</Relacionamento>
<Ligacao ID="238">
<DisablePainted Valor="false"/>
<Tag LinhaMestre="-1"/>
<Dashed Valor="false"/>
<Ancorado Valor="false"/>
<TemSetaPontaA Valor="false"/>
<TemSetaPontaB Valor="false"/>
<SetaAberta Valor="true"/>
<SetaLargura Valor="10"/>
<Inteligente Valor="true"/>
<Largura Valor="1"/>
<Ligacoes PontaA="17" PontaB="236"/>
<Pontos>
<Ponto Left="1574" Top="1038"/>
<Ponto Left="1510" Top="1038"/>
<Ponto Left="1510" Top="1030"/>
<Ponto Left="1445" Top="1030"/>
</Pontos>
<Cardinalidade ID="239">
<Bounds Height="15" Left="1536" Top="1025" Width="34"/>
<DisablePainted Valor="false"/>
<Texto>Cardinalidade_8</Texto>
<Observacao/>
<Dicionario/>
<Fonte Estilo="1" Nome="Arial" Tamanho="12"/>
<Ancorado Valor="false"/>
<TamanhoAutmatico Valor="true"/>
<Card Valor="0"/>
<MovimentacaoManual Valor="false"/>
<Papel Valor=""/>
</Cardinalidade>
</Ligacao>
<Atributo ID="260">
<Bounds Height="14" Left="1231" Top="1075" Width="86"/>
<DisablePainted Valor="false"/>
<Texto>ID_reserva</Texto>
<Observacao/>
<Dicionario/>
<Fonte Estilo="1" Nome="Arial" Tamanho="12"/>
<Ancorado Valor="false"/>
<DirecaoFromInspector Valor="1"/>
<Autosize Valor="true"/>
<Identificador Valor="true"/>
<Opcional Valor="false"/>
<Multivalorado Valor="false"/>
<CardMinFromString Valor="1"/>
<CardMaxFromString Valor="n"/>
<TipoAtributo Valor=""/>
</Atributo>
<Ligacao ID="261">
<DisablePainted Valor="false"/>
<Tag LinhaMestre="-1"/>
<Dashed Valor="false"/>
<Ancorado Valor="false"/>
<TemSetaPontaA Valor="false"/>
<TemSetaPontaB Valor="false"/>
<SetaAberta Valor="true"/>
<SetaLargura Valor="10"/>
<Inteligente Valor="true"/>
<Largura Valor="1"/>
<Ligacoes PontaA="260" PontaB="236"/>
<Pontos>
<Ponto Left="1315" Top="1079"/>
<Ponto Left="1345" Top="1079"/>
<Ponto Left="1345" Top="1047"/>
</Pontos>
</Ligacao>
<Atributo ID="266">
<Bounds Height="14" Left="1232" Top="1091" Width="86"/>
<DisablePainted Valor="false"/>
<Texto>ID_veiculo</Texto>
<Observacao/>
<Dicionario/>
<Fonte Estilo="1" Nome="Arial" Tamanho="12"/>
<Ancorado Valor="false"/>
<DirecaoFromInspector Valor="1"/>
<Autosize Valor="true"/>
<Identificador Valor="true"/>
<Opcional Valor="false"/>
<Multivalorado Valor="false"/>
<CardMinFromString Valor="1"/>
<CardMaxFromString Valor="n"/>
<TipoAtributo Valor=""/>
</Atributo>
<Ligacao ID="267">
<DisablePainted Valor="false"/>
<Tag LinhaMestre="-1"/>
<Dashed Valor="false"/>
<Ancorado Valor="false"/>
<TemSetaPontaA Valor="false"/>
<TemSetaPontaB Valor="false"/>
<SetaAberta Valor="true"/>
<SetaLargura Valor="10"/>
<Inteligente Valor="true"/>
<Largura Valor="1"/>
<Ligacoes PontaA="266" PontaB="236"/>
<Pontos>
<Ponto Left="1316" Top="1095"/>
<Ponto Left="1345" Top="1095"/>
<Ponto Left="1345" Top="1047"/>
</Pontos>
</Ligacao>
<Atributo ID="271">
<Bounds Height="14" Left="1210" Top="1108" Width="113"/>
<DisablePainted Valor="false"/>
<Texto>ID_funcionario</Texto>
<Observacao/>
<Dicionario/>
<Fonte Estilo="1" Nome="Arial" Tamanho="12"/>
<Ancorado Valor="false"/>
<DirecaoFromInspector Valor="1"/>
<Autosize Valor="true"/>
<Identificador Valor="true"/>
<Opcional Valor="false"/>
<Multivalorado Valor="false"/>
<CardMinFromString Valor="1"/>
<CardMaxFromString Valor="n"/>
<TipoAtributo Valor=""/>
</Atributo>
<Ligacao ID="272">
<DisablePainted Valor="false"/>
<Tag LinhaMestre="-1"/>
<Dashed Valor="false"/>
<Ancorado Valor="false"/>
<TemSetaPontaA Valor="false"/>
<TemSetaPontaB Valor="false"/>
<SetaAberta Valor="true"/>
<SetaLargura Valor="10"/>
<Inteligente Valor="true"/>
<Largura Valor="1"/>
<Ligacoes PontaA="271" PontaB="236"/>
<Pontos>
<Ponto Left="1321" Top="1112"/>
<Ponto Left="1345" Top="1112"/>
<Ponto Left="1345" Top="1047"/>
</Pontos>
</Ligacao>
<Atributo ID="275">
<Bounds Height="14" Left="1232" Top="1127" Width="85"/>
<DisablePainted Valor="false"/>
<Texto>dt_reserva</Texto>
<Observacao/>
<Dicionario/>
<Fonte Estilo="1" Nome="Arial" Tamanho="12"/>
<Ancorado Valor="false"/>
<DirecaoFromInspector Valor="1"/>
<Autosize Valor="true"/>
<Identificador Valor="false"/>
<Opcional Valor="false"/>
<Multivalorado Valor="false"/>
<CardMinFromString Valor="1"/>
<CardMaxFromString Valor="n"/>
<TipoAtributo Valor=""/>
</Atributo>
<Ligacao ID="276">
<DisablePainted Valor="false"/>
<Tag LinhaMestre="-1"/>
<Dashed Valor="false"/>
<Ancorado Valor="false"/>
<TemSetaPontaA Valor="false"/>
<TemSetaPontaB Valor="false"/>
<SetaAberta Valor="true"/>
<SetaLargura Valor="10"/>
<Inteligente Valor="true"/>
<Largura Valor="1"/>
<Ligacoes PontaA="236" PontaB="275"/>
<Pontos>
<Ponto Left="1345" Top="1047"/>
<Ponto Left="1345" Top="1131"/>
<Ponto Left="1315" Top="1131"/>
</Pontos>
</Ligacao>
<Ligacao ID="291">
<DisablePainted Valor="false"/>
<Tag LinhaMestre="-1"/>
<Dashed Valor="false"/>
<Ancorado Valor="false"/>
<TemSetaPontaA Valor="false"/>
<TemSetaPontaB Valor="false"/>
<SetaAberta Valor="true"/>
<SetaLargura Valor="10"/>
<Inteligente Valor="true"/>
<Largura Valor="1"/>
<Ligacoes PontaA="236" PontaB="189"/>
<Pontos>
<Ponto Left="1370" Top="1005"/>
<Ponto Left="1370" Top="952"/>
<Ponto Left="1408" Top="952"/>
<Ponto Left="1408" Top="900"/>
</Pontos>
<Cardinalidade ID="292">
<Bounds Height="15" Left="1374" Top="910" Width="36"/>
<DisablePainted Valor="false"/>
<Texto>Cardinalidade_9</Texto>
<Observacao/>
<Dicionario/>
<Fonte Estilo="1" Nome="Arial" Tamanho="12"/>
<Ancorado Valor="false"/>
<TamanhoAutmatico Valor="true"/>
<Card Valor="2"/>
<MovimentacaoManual Valor="false"/>
<Papel Valor=""/>
</Cardinalidade>
</Ligacao>
<Entidade ID="310">
<Bounds Height="58" Left="892" Top="831" Width="160"/>
<DisablePainted Valor="false"/>
<Texto>manutencao_de_veiculo</Texto>
<Observacao/>
<Dicionario/>
<Fonte Estilo="1" Nome="Arial" Tamanho="12"/>
<Ancorado Valor="false"/>
<AtributosOcultos Valor=""/>
</Entidade>
<Atributo ID="336">
<Bounds Height="14" Left="925" Top="703" Width="115"/>
<DisablePainted Valor="false"/>
<Texto>ID_manutencao</Texto>
<Observacao/>
<Dicionario/>
<Fonte Estilo="1" Nome="Arial" Tamanho="12"/>
<Ancorado Valor="false"/>
<DirecaoFromInspector Valor="0"/>
<Autosize Valor="true"/>
<Identificador Valor="true"/>
<Opcional Valor="false"/>
<Multivalorado Valor="false"/>
<CardMinFromString Valor="1"/>
<CardMaxFromString Valor="n"/>
<TipoAtributo Valor="INT"/>
</Atributo>
<Ligacao ID="337">
<DisablePainted Valor="false"/>
<Tag LinhaMestre="-1"/>
<Dashed Valor="false"/>
<Ancorado Valor="false"/>
<TemSetaPontaA Valor="false"/>
<TemSetaPontaB Valor="false"/>
<SetaAberta Valor="true"/>
<SetaLargura Valor="10"/>
<Inteligente Valor="true"/>
<Largura Valor="1"/>
<Ligacoes PontaA="336" PontaB="310"/>
<Pontos>
<Ponto Left="921" Top="707"/>
<Ponto Left="903" Top="707"/>
<Ponto Left="903" Top="827"/>
</Pontos>
</Ligacao>
<Atributo ID="338">
<Bounds Height="14" Left="939" Top="722" Width="86"/>
<DisablePainted Valor="false"/>
<Texto>ID_veiculo</Texto>
<Observacao/>
<Dicionario/>
<Fonte Estilo="1" Nome="Arial" Tamanho="12"/>
<Ancorado Valor="false"/>
<DirecaoFromInspector Valor="0"/>
<Autosize Valor="true"/>
<Identificador Valor="true"/>
<Opcional Valor="false"/>
<Multivalorado Valor="false"/>
<CardMinFromString Valor="1"/>
<CardMaxFromString Valor="n"/>
<TipoAtributo Valor="INT"/>
</Atributo>
<Ligacao ID="339">
<DisablePainted Valor="false"/>
<Tag LinhaMestre="-1"/>
<Dashed Valor="false"/>
<Ancorado Valor="false"/>
<TemSetaPontaA Valor="false"/>
<TemSetaPontaB Valor="false"/>
<SetaAberta Valor="true"/>
<SetaLargura Valor="10"/>
<Inteligente Valor="true"/>
<Largura Valor="1"/>
<Ligacoes PontaA="338" PontaB="310"/>
<Pontos>
<Ponto Left="935" Top="726"/>
<Ponto Left="917" Top="726"/>
<Ponto Left="917" Top="827"/>
</Pontos>
</Ligacao>
<Atributo ID="340">
<Bounds Height="14" Left="953" Top="741" Width="114"/>
<DisablePainted Valor="false"/>
<Texto>dt_manutencao</Texto>
<Observacao/>
<Dicionario/>
<Fonte Estilo="1" Nome="Arial" Tamanho="12"/>
<Ancorado Valor="false"/>
<DirecaoFromInspector Valor="0"/>
<Autosize Valor="true"/>
<Identificador Valor="false"/>
<Opcional Valor="false"/>
<Multivalorado Valor="false"/>
<CardMinFromString Valor="1"/>
<CardMaxFromString Valor="n"/>
<TipoAtributo Valor="Date"/>
</Atributo>
<Ligacao ID="341">
<DisablePainted Valor="false"/>
<Tag LinhaMestre="-1"/>
<Dashed Valor="false"/>
<Ancorado Valor="false"/>
<TemSetaPontaA Valor="false"/>
<TemSetaPontaB Valor="false"/>
<SetaAberta Valor="true"/>
<SetaLargura Valor="10"/>
<Inteligente Valor="true"/>
<Largura Valor="1"/>
<Ligacoes PontaA="340" PontaB="310"/>
<Pontos>
<Ponto Left="949" Top="745"/>
<Ponto Left="931" Top="745"/>
<Ponto Left="931" Top="827"/>
</Pontos>
</Ligacao>
<Atributo ID="342">
<Bounds Height="14" Left="967" Top="760" Width="154"/>
<DisablePainted Valor="false"/>
<Texto>descricao_do_servico</Texto>
<Observacao/>
<Dicionario/>
<Fonte Estilo="1" Nome="Arial" Tamanho="12"/>
<Ancorado Valor="false"/>
<DirecaoFromInspector Valor="0"/>
<Autosize Valor="true"/>
<Identificador Valor="false"/>
<Opcional Valor="false"/>
<Multivalorado Valor="false"/>
<CardMinFromString Valor="1"/>
<CardMaxFromString Valor="n"/>
<TipoAtributo Valor="Varchar(200)"/>
</Atributo>
<Ligacao ID="343">
<DisablePainted Valor="false"/>
<Tag LinhaMestre="-1"/>
<Dashed Valor="false"/>
<Ancorado Valor="false"/>
<TemSetaPontaA Valor="false"/>
<TemSetaPontaB Valor="false"/>
<SetaAberta Valor="true"/>
<SetaLargura Valor="10"/>
<Inteligente Valor="true"/>
<Largura Valor="1"/>
<Ligacoes PontaA="342" PontaB="310"/>
<Pontos>
<Ponto Left="963" Top="764"/>
<Ponto Left="945" Top="764"/>
<Ponto Left="945" Top="827"/>
</Pontos>
</Ligacao>
<Atributo ID="344">
<Bounds Height="14" Left="981" Top="779" Width="53"/>
<DisablePainted Valor="false"/>
<Texto>valor</Texto>
<Observacao/>
<Dicionario/>
<Fonte Estilo="1" Nome="Arial" Tamanho="12"/>
<Ancorado Valor="false"/>
<DirecaoFromInspector Valor="0"/>
<Autosize Valor="true"/>
<Identificador Valor="false"/>
<Opcional Valor="false"/>
<Multivalorado Valor="false"/>
<CardMinFromString Valor="1"/>
<CardMaxFromString Valor="n"/>
<TipoAtributo Valor="FLOAT"/>
</Atributo>
<Ligacao ID="345">
<DisablePainted Valor="false"/>
<Tag LinhaMestre="-1"/>
<Dashed Valor="false"/>
<Ancorado Valor="false"/>
<TemSetaPontaA Valor="false"/>
<TemSetaPontaB Valor="false"/>
<SetaAberta Valor="true"/>
<SetaLargura Valor="10"/>
<Inteligente Valor="true"/>
<Largura Valor="1"/>
<Ligacoes PontaA="344" PontaB="310"/>
<Pontos>
<Ponto Left="977" Top="783"/>
<Ponto Left="959" Top="783"/>
<Ponto Left="959" Top="827"/>
</Pontos>
</Ligacao>
<Ligacao ID="350">
<DisablePainted Valor="false"/>
<Tag LinhaMestre="-1"/>
<Dashed Valor="false"/>
<Ancorado Valor="false"/>
<TemSetaPontaA Valor="false"/>
<TemSetaPontaB Valor="false"/>
<SetaAberta Valor="true"/>
<SetaLargura Valor="10"/>
<Inteligente Valor="true"/>
<Largura Valor="1"/>
<Ligacoes PontaA="351" PontaB="310"/>
<Pontos>
<Ponto Left="1109" Top="868"/>
<Ponto Left="1079" Top="868"/>
<Ponto Left="1079" Top="848"/>
<Ponto Left="1049" Top="848"/>
</Pontos>
<Cardinalidade ID="352">
<Bounds Height="15" Left="1059" Top="835" Width="36"/>
<DisablePainted Valor="false"/>
<Texto>Cardinalidade_10</Texto>
<Observacao/>
<Dicionario/>
<Fonte Estilo="1" Nome="Arial" Tamanho="12"/>
<Ancorado Valor="false"/>
<TamanhoAutmatico Valor="true"/>
<Card Valor="2"/>
<MovimentacaoManual Valor="false"/>
<Papel Valor=""/>
</Cardinalidade>
</Ligacao>
<Relacionamento ID="351">
<Bounds Height="50" Left="1112" Top="846" Width="128"/>
<DisablePainted Valor="false"/>
<Texto>Controle de manutencao</Texto>
<Observacao/>
<Dicionario/>
<Fonte Estilo="1" Nome="Arial" Tamanho="12"/>
<Ancorado Valor="false"/>
</Relacionamento>
<Ligacao ID="353">
<DisablePainted Valor="false"/>
<Tag LinhaMestre="-1"/>
<Dashed Valor="false"/>
<Ancorado Valor="false"/>
<TemSetaPontaA Valor="false"/>
<TemSetaPontaB Valor="false"/>
<SetaAberta Valor="true"/>
<SetaLargura Valor="10"/>
<Inteligente Valor="true"/>
<Largura Valor="1"/>
<Ligacoes PontaA="189" PontaB="351"/>
<Pontos>
<Ponto Left="1340" Top="875"/>
<Ponto Left="1289" Top="875"/>
<Ponto Left="1289" Top="868"/>
<Ponto Left="1237" Top="868"/>
</Pontos>
<Cardinalidade ID="354">
<Bounds Height="15" Left="1300" Top="862" Width="36"/>
<DisablePainted Valor="false"/>
<Texto>Cardinalidade_11</Texto>
<Observacao/>
<Dicionario/>
<Fonte Estilo="1" Nome="Arial" Tamanho="12"/>
<Ancorado Valor="false"/>
<TamanhoAutmatico Valor="true"/>
<Card Valor="2"/>
<MovimentacaoManual Valor="false"/>
<Papel Valor=""/>
</Cardinalidade>
</Ligacao>
<Entidade ID="362">
<Bounds Height="58" Left="1128" Top="619" Width="120"/>
<DisablePainted Valor="false"/>
<Texto>despesas_extras</Texto>
<Observacao/>
<Dicionario/>
<Fonte Estilo="1" Nome="Arial" Tamanho="12"/>
<Ancorado Valor="false"/>
<AtributosOcultos Valor=""/>
</Entidade>
<Atributo ID="364">
<Bounds Height="14" Left="1152" Top="509" Width="91"/>
<DisablePainted Valor="false"/>
<Texto>ID_despesa</Texto>
<Observacao/>
<Dicionario/>
<Fonte Estilo="1" Nome="Arial" Tamanho="12"/>
<Ancorado Valor="false"/>
<DirecaoFromInspector Valor="0"/>
<Autosize Valor="true"/>
<Identificador Valor="true"/>
<Opcional Valor="false"/>
<Multivalorado Valor="false"/>
<CardMinFromString Valor="1"/>
<CardMaxFromString Valor="n"/>
<TipoAtributo Valor="INT"/>
</Atributo>
<Ligacao ID="365">
<DisablePainted Valor="false"/>
<Tag LinhaMestre="-1"/>
<Dashed Valor="false"/>
<Ancorado Valor="false"/>
<TemSetaPontaA Valor="false"/>
<TemSetaPontaB Valor="false"/>
<SetaAberta Valor="true"/>
<SetaLargura Valor="10"/>
<Inteligente Valor="true"/>
<Largura Valor="1"/>
<Ligacoes PontaA="364" PontaB="362"/>
<Pontos>
<Ponto Left="1148" Top="513"/>
<Ponto Left="1139" Top="513"/>
<Ponto Left="1139" Top="568"/>
<Ponto Left="1139" Top="568"/>
<Ponto Left="1139" Top="615"/>
</Pontos>
</Ligacao>
<Atributo ID="366">
<Bounds Height="14" Left="1166" Top="528" Width="86"/>
<DisablePainted Valor="false"/>
<Texto>ID_veiculo</Texto>
<Observacao/>
<Dicionario/>
<Fonte Estilo="1" Nome="Arial" Tamanho="12"/>
<Ancorado Valor="false"/>
<DirecaoFromInspector Valor="0"/>
<Autosize Valor="true"/>
<Identificador Valor="true"/>
<Opcional Valor="false"/>
<Multivalorado Valor="false"/>
<CardMinFromString Valor="1"/>
<CardMaxFromString Valor="n"/>
<TipoAtributo Valor="INT"/>
</Atributo>
<Ligacao ID="367">
<DisablePainted Valor="false"/>
<Tag LinhaMestre="-1"/>
<Dashed Valor="false"/>
<Ancorado Valor="false"/>
<TemSetaPontaA Valor="false"/>
<TemSetaPontaB Valor="false"/>
<SetaAberta Valor="true"/>
<SetaLargura Valor="10"/>
<Inteligente Valor="true"/>
<Largura Valor="1"/>
<Ligacoes PontaA="366" PontaB="362"/>
<Pontos>
<Ponto Left="1162" Top="532"/>
<Ponto Left="1153" Top="532"/>
<Ponto Left="1153" Top="577"/>
<Ponto Left="1153" Top="577"/>
<Ponto Left="1153" Top="615"/>
</Pontos>
</Ligacao>
<Atributo ID="368">
<Bounds Height="14" Left="1180" Top="547" Width="54"/>
<DisablePainted Valor="false"/>
<Texto>Valor</Texto>
<Observacao/>
<Dicionario/>
<Fonte Estilo="1" Nome="Arial" Tamanho="12"/>
<Ancorado Valor="false"/>
<DirecaoFromInspector Valor="0"/>
<Autosize Valor="true"/>
<Identificador Valor="false"/>
<Opcional Valor="false"/>
<Multivalorado Valor="false"/>
<CardMinFromString Valor="1"/>
<CardMaxFromString Valor="n"/>
<TipoAtributo Valor="FLOAT"/>
</Atributo>
<Ligacao ID="369">
<DisablePainted Valor="false"/>
<Tag LinhaMestre="-1"/>
<Dashed Valor="false"/>
<Ancorado Valor="false"/>
<TemSetaPontaA Valor="false"/>
<TemSetaPontaB Valor="false"/>
<SetaAberta Valor="true"/>
<SetaLargura Valor="10"/>
<Inteligente Valor="true"/>
<Largura Valor="1"/>
<Ligacoes PontaA="368" PontaB="362"/>
<Pontos>
<Ponto Left="1176" Top="551"/>
<Ponto Left="1167" Top="551"/>
<Ponto Left="1167" Top="587"/>
<Ponto Left="1167" Top="587"/>
<Ponto Left="1167" Top="615"/>
</Pontos>
</Ligacao>
<Atributo ID="370">
<Bounds Height="14" Left="1194" Top="566" Width="62"/>
<DisablePainted Valor="false"/>
<Texto>Motivo</Texto>
<Observacao/>
<Dicionario/>
<Fonte Estilo="1" Nome="Arial" Tamanho="12"/>
<Ancorado Valor="false"/>
<DirecaoFromInspector Valor="0"/>
<Autosize Valor="true"/>
<Identificador Valor="false"/>
<Opcional Valor="false"/>
<Multivalorado Valor="false"/>
<CardMinFromString Valor="1"/>
<CardMaxFromString Valor="n"/>
<TipoAtributo Valor="Varchar(200)"/>
</Atributo>
<Ligacao ID="371">
<DisablePainted Valor="false"/>
<Tag LinhaMestre="-1"/>
<Dashed Valor="false"/>
<Ancorado Valor="false"/>
<TemSetaPontaA Valor="false"/>
<TemSetaPontaB Valor="false"/>
<SetaAberta Valor="true"/>
<SetaLargura Valor="10"/>
<Inteligente Valor="true"/>
<Largura Valor="1"/>
<Ligacoes PontaA="370" PontaB="362"/>
<Pontos>
<Ponto Left="1190" Top="570"/>
<Ponto Left="1181" Top="570"/>
<Ponto Left="1181" Top="596"/>
<Ponto Left="1181" Top="596"/>
<Ponto Left="1181" Top="615"/>
</Pontos>
</Ligacao>
<Atributo ID="372">
<Bounds Height="14" Left="1208" Top="585" Width="47"/>
<DisablePainted Valor="false"/>
<Texto>data</Texto>
<Observacao/>
<Dicionario/>
<Fonte Estilo="1" Nome="Arial" Tamanho="12"/>
<Ancorado Valor="false"/>
<DirecaoFromInspector Valor="0"/>
<Autosize Valor="true"/>
<Identificador Valor="false"/>
<Opcional Valor="false"/>
<Multivalorado Valor="false"/>
<CardMinFromString Valor="1"/>
<CardMaxFromString Valor="n"/>
<TipoAtributo Valor="Date"/>
</Atributo>
<Ligacao ID="373">
<DisablePainted Valor="false"/>
<Tag LinhaMestre="-1"/>
<Dashed Valor="false"/>
<Ancorado Valor="false"/>
<TemSetaPontaA Valor="false"/>
<TemSetaPontaB Valor="false"/>
<SetaAberta Valor="true"/>
<SetaLargura Valor="10"/>
<Inteligente Valor="true"/>
<Largura Valor="1"/>
<Ligacoes PontaA="372" PontaB="362"/>
<Pontos>
<Ponto Left="1204" Top="589"/>
<Ponto Left="1195" Top="589"/>
<Ponto Left="1195" Top="606"/>
<Ponto Left="1195" Top="606"/>
<Ponto Left="1195" Top="615"/>
</Pontos>
</Ligacao>
<Ligacao ID="375">
<DisablePainted Valor="false"/>
<Tag LinhaMestre="-1"/>
<Dashed Valor="false"/>
<Ancorado Valor="false"/>
<TemSetaPontaA Valor="false"/>
<TemSetaPontaB Valor="false"/>
<SetaAberta Valor="true"/>
<SetaLargura Valor="10"/>
<Inteligente Valor="true"/>
<Largura Valor="1"/>
<Ligacoes PontaA="376" PontaB="362"/>
<Pontos>
<Ponto Left="1225" Top="719"/>
<Ponto Left="1225" Top="696"/>
<Ponto Left="1183" Top="696"/>
<Ponto Left="1183" Top="674"/>
</Pontos>
<Cardinalidade ID="377">
<Bounds Height="15" Left="1149" Top="684" Width="36"/>
<DisablePainted Valor="false"/>
<Texto>Cardinalidade_12</Texto>
<Observacao/>
<Dicionario/>
<Fonte Estilo="1" Nome="Arial" Tamanho="12"/>
<Ancorado Valor="false"/>
<TamanhoAutmatico Valor="true"/>
<Card Valor="2"/>
<MovimentacaoManual Valor="false"/>
<Papel Valor=""/>
</Cardinalidade>
</Ligacao>
<Relacionamento ID="376">
<Bounds Height="50" Left="1142" Top="722" Width="173"/>
<DisablePainted Valor="false"/>
<Texto>despesas_estras_veiculo</Texto>
<Observacao/>
<Dicionario/>
<Fonte Estilo="1" Nome="Arial" Tamanho="12"/>
<Ancorado Valor="false"/>
</Relacionamento>
<Ligacao ID="378">
<DisablePainted Valor="false"/>
<Tag LinhaMestre="-1"/>
<Dashed Valor="false"/>
<Ancorado Valor="false"/>
<TemSetaPontaA Valor="false"/>
<TemSetaPontaB Valor="false"/>
<SetaAberta Valor="true"/>
<SetaLargura Valor="10"/>
<Inteligente Valor="true"/>
<Largura Valor="1"/>
<Ligacoes PontaA="189" PontaB="376"/>
<Pontos>
<Ponto Left="1340" Top="847"/>
<Ponto Left="1225" Top="847"/>
<Ponto Left="1225" Top="769"/>
</Pontos>
<Cardinalidade ID="379">
<Bounds Height="15" Left="1300" Top="834" Width="36"/>
<DisablePainted Valor="false"/>
<Texto>Cardinalidade_13</Texto>
<Observacao/>
<Dicionario/>
<Fonte Estilo="1" Nome="Arial" Tamanho="12"/>
<Ancorado Valor="false"/>
<TamanhoAutmatico Valor="true"/>
<Card Valor="2"/>
<MovimentacaoManual Valor="false"/>
<Papel Valor=""/>
</Cardinalidade>
</Ligacao>
<Entidade ID="403">
<Bounds Height="58" Left="929" Top="461" Width="120"/>
<DisablePainted Valor="false"/>
<Texto>Relatorio_de_uso</Texto>
<Observacao/>
<Dicionario/>
<Fonte Estilo="1" Nome="Arial" Tamanho="12"/>
<Ancorado Valor="false"/>
<AtributosOcultos Valor=""/>
</Entidade>
<Atributo ID="404">
<Bounds Height="14" Left="971" Top="305" Width="35"/>
<DisablePainted Valor="false"/>
<Texto>ID</Texto>
<Observacao/>
<Dicionario/>
<Fonte Estilo="1" Nome="Arial" Tamanho="12"/>
<Ancorado Valor="false"/>
<DirecaoFromInspector Valor="0"/>
<Autosize Valor="true"/>
<Identificador Valor="true"/>
<Opcional Valor="false"/>
<Multivalorado Valor="false"/>
<CardMinFromString Valor="1"/>
<CardMaxFromString Valor="n"/>
<TipoAtributo Valor="INT"/>
</Atributo>
<Ligacao ID="405">
<DisablePainted Valor="false"/>
<Tag LinhaMestre="-1"/>
<Dashed Valor="false"/>
<Ancorado Valor="false"/>
<TemSetaPontaA Valor="false"/>
<TemSetaPontaB Valor="false"/>
<SetaAberta Valor="true"/>
<SetaLargura Valor="10"/>
<Inteligente Valor="true"/>
<Largura Valor="1"/>
<Ligacoes PontaA="404" PontaB="403"/>
<Pontos>
<Ponto Left="967" Top="309"/>
<Ponto Left="940" Top="309"/>
<Ponto Left="940" Top="457"/>
</Pontos>
</Ligacao>
<Atributo ID="406">
<Bounds Height="14" Left="974" Top="331" Width="86"/>
<DisablePainted Valor="false"/>
<Texto>ID_servico</Texto>
<Observacao/>
<Dicionario/>
<Fonte Estilo="1" Nome="Arial" Tamanho="12"/>
<Ancorado Valor="false"/>
<DirecaoFromInspector Valor="0"/>
<Autosize Valor="true"/>
<Identificador Valor="true"/>
<Opcional Valor="false"/>
<Multivalorado Valor="false"/>
<CardMinFromString Valor="1"/>
<CardMaxFromString Valor="n"/>
<TipoAtributo Valor="INT"/>
</Atributo>
<Ligacao ID="407">
<DisablePainted Valor="false"/>
<Tag LinhaMestre="-1"/>
<Dashed Valor="false"/>
<Ancorado Valor="false"/>
<TemSetaPontaA Valor="false"/>
<TemSetaPontaB Valor="false"/>
<SetaAberta Valor="true"/>
<SetaLargura Valor="10"/>
<Inteligente Valor="true"/>
<Largura Valor="1"/>
<Ligacoes PontaA="406" PontaB="403"/>
<Pontos>
<Ponto Left="970" Top="335"/>
<Ponto Left="954" Top="335"/>
<Ponto Left="954" Top="457"/>
</Pontos>
</Ligacao>
<Atributo ID="408">
<Bounds Height="14" Left="988" Top="355" Width="135"/>
<DisablePainted Valor="false"/>
<Texto>data_hora_retirada</Texto>
<Observacao/>
<Dicionario/>
<Fonte Estilo="1" Nome="Arial" Tamanho="12"/>
<Ancorado Valor="false"/>
<DirecaoFromInspector Valor="0"/>
<Autosize Valor="true"/>
<Identificador Valor="false"/>
<Opcional Valor="false"/>
<Multivalorado Valor="false"/>
<CardMinFromString Valor="1"/>
<CardMaxFromString Valor="n"/>
<TipoAtributo Valor="DATETIME"/>
</Atributo>
<Ligacao ID="409">
<DisablePainted Valor="false"/>
<Tag LinhaMestre="-1"/>
<Dashed Valor="false"/>
<Ancorado Valor="false"/>
<TemSetaPontaA Valor="false"/>
<TemSetaPontaB Valor="false"/>
<SetaAberta Valor="true"/>
<SetaLargura Valor="10"/>
<Inteligente Valor="true"/>
<Largura Valor="1"/>
<Ligacoes PontaA="408" PontaB="403"/>
<Pontos>
<Ponto Left="984" Top="359"/>
<Ponto Left="968" Top="359"/>
<Ponto Left="968" Top="457"/>
</Pontos>
</Ligacao>
<Atributo ID="410">
<Bounds Height="14" Left="1012" Top="376" Width="134"/>
<DisablePainted Valor="false"/>
<Texto>data_hora_entrega</Texto>
<Observacao/>
<Dicionario/>
<Fonte Estilo="1" Nome="Arial" Tamanho="12"/>
<Ancorado Valor="false"/>
<DirecaoFromInspector Valor="0"/>
<Autosize Valor="true"/>
<Identificador Valor="false"/>
<Opcional Valor="false"/>
<Multivalorado Valor="false"/>
<CardMinFromString Valor="1"/>
<CardMaxFromString Valor="n"/>
<TipoAtributo Valor="DATETIME"/>
</Atributo>
<Ligacao ID="411">
<DisablePainted Valor="false"/>
<Tag LinhaMestre="-1"/>
<Dashed Valor="false"/>
<Ancorado Valor="false"/>
<TemSetaPontaA Valor="false"/>
<TemSetaPontaB Valor="false"/>
<SetaAberta Valor="true"/>
<SetaLargura Valor="10"/>
<Inteligente Valor="true"/>
<Largura Valor="1"/>
<Ligacoes PontaA="410" PontaB="403"/>
<Pontos>
<Ponto Left="1008" Top="380"/>
<Ponto Left="982" Top="380"/>
<Ponto Left="982" Top="457"/>
</Pontos>
</Ligacao>
<Atributo ID="412">
<Bounds Height="14" Left="1016" Top="393" Width="111"/>
<DisablePainted Valor="false"/>
<Texto>status_cheklist</Texto>
<Observacao/>
<Dicionario/>
<Fonte Estilo="1" Nome="Arial" Tamanho="12"/>
<Ancorado Valor="false"/>
<DirecaoFromInspector Valor="0"/>
<Autosize Valor="true"/>
<Identificador Valor="false"/>
<Opcional Valor="false"/>
<Multivalorado Valor="false"/>
<CardMinFromString Valor="1"/>
<CardMaxFromString Valor="n"/>
<TipoAtributo Valor="BOOLEAN"/>
</Atributo>
<Ligacao ID="413">
<DisablePainted Valor="false"/>
<Tag LinhaMestre="-1"/>
<Dashed Valor="false"/>
<Ancorado Valor="false"/>
<TemSetaPontaA Valor="false"/>
<TemSetaPontaB Valor="false"/>
<SetaAberta Valor="true"/>
<SetaLargura Valor="10"/>
<Inteligente Valor="true"/>
<Largura Valor="1"/>
<Ligacoes PontaA="412" PontaB="403"/>
<Pontos>
<Ponto Left="1012" Top="397"/>
<Ponto Left="996" Top="397"/>
<Ponto Left="996" Top="457"/>
</Pontos>
</Ligacao>
<Ligacao ID="417">
<DisablePainted Valor="false"/>
<Tag LinhaMestre="-1"/>
<Dashed Valor="false"/>
<Ancorado Valor="false"/>
<TemSetaPontaA Valor="false"/>
<TemSetaPontaB Valor="false"/>
<SetaAberta Valor="true"/>
<SetaLargura Valor="10"/>
<Inteligente Valor="true"/>
<Largura Valor="1"/>
<Ligacoes PontaA="418" PontaB="403"/>
<Pontos>
<Ponto Left="756" Top="1007"/>
<Ponto Left="746" Top="1007"/>
<Ponto Left="746" Top="494"/>
<Ponto Left="925" Top="494"/>
</Pontos>
<Cardinalidade ID="419">
<Bounds Height="15" Left="887" Top="481" Width="34"/>
<DisablePainted Valor="false"/>
<Texto>Cardinalidade_14</Texto>
<Observacao/>
<Dicionario/>
<Fonte Estilo="1" Nome="Arial" Tamanho="12"/>
<Ancorado Valor="false"/>
<TamanhoAutmatico Valor="true"/>
<Card Valor="1"/>
<MovimentacaoManual Valor="false"/>
<Papel Valor=""/>
</Cardinalidade>
</Ligacao>
<Relacionamento ID="418">
<Bounds Height="50" Left="759" Top="985" Width="150"/>
<DisablePainted Valor="false"/>
<Texto>Relatorio_entrega</Texto>
<Observacao/>
<Dicionario/>
<Fonte Estilo="1" Nome="Arial" Tamanho="12"/>
<Ancorado Valor="false"/>
</Relacionamento>
<Ligacao ID="420">
<DisablePainted Valor="false"/>
<Tag LinhaMestre="-1"/>
<Dashed Valor="false"/>
<Ancorado Valor="false"/>
<TemSetaPontaA Valor="false"/>
<TemSetaPontaB Valor="false"/>
<SetaAberta Valor="true"/>
<SetaLargura Valor="10"/>
<Inteligente Valor="true"/>
<Largura Valor="1"/>
<Ligacoes PontaA="212" PontaB="418"/>
<Pontos>
<Ponto Left="962" Top="1008"/>
<Ponto Left="934" Top="1008"/>
<Ponto Left="934" Top="1007"/>
<Ponto Left="906" Top="1007"/>
</Pontos>
<Cardinalidade ID="421">
<Bounds Height="15" Left="924" Top="995" Width="34"/>
<DisablePainted Valor="false"/>
<Texto>Cardinalidade_15</Texto>
<Observacao/>
<Dicionario/>
<Fonte Estilo="1" Nome="Arial" Tamanho="12"/>
<Ancorado Valor="false"/>
<TamanhoAutmatico Valor="true"/>
<Card Valor="1"/>
<MovimentacaoManual Valor="false"/>
<Papel Valor=""/>
</Cardinalidade>
</Ligacao>
<Entidade ID="422">
<Bounds Height="58" Left="1756" Top="721" Width="120"/>
<DisablePainted Valor="false"/>
<Texto>Status</Texto>
<Observacao/>
<Dicionario/>
<Fonte Estilo="1" Nome="Arial" Tamanho="12"/>
<Ancorado Valor="false"/>
<AtributosOcultos Valor=""/>
</Entidade>
<Atributo ID="424">
<Bounds Height="14" Left="1837" Top="680" Width="34"/>
<DisablePainted Valor="false"/>
<Texto>Id</Texto>
<Observacao/>
<Dicionario/>
<Fonte Estilo="1" Nome="Arial" Tamanho="12"/>
<Ancorado Valor="false"/>
<DirecaoFromInspector Valor="0"/>
<Autosize Valor="true"/>
<Identificador Valor="true"/>
<Opcional Valor="false"/>
<Multivalorado Valor="false"/>
<CardMinFromString Valor="1"/>
<CardMaxFromString Valor="n"/>
<TipoAtributo Valor="INT"/>
</Atributo>
<Ligacao ID="425">
<DisablePainted Valor="false"/>
<Tag LinhaMestre="-1"/>
<Dashed Valor="false"/>
<Ancorado Valor="false"/>
<TemSetaPontaA Valor="false"/>
<TemSetaPontaB Valor="false"/>
<SetaAberta Valor="true"/>
<SetaLargura Valor="10"/>
<Inteligente Valor="true"/>
<Largura Valor="1"/>
<Ligacoes PontaA="424" PontaB="422"/>
<Pontos>
<Ponto Left="1833" Top="684"/>
<Ponto Left="1808" Top="684"/>
<Ponto Left="1808" Top="717"/>
</Pontos>
</Ligacao>
<Atributo ID="426">
<Bounds Height="14" Left="1838" Top="695" Width="57"/>
<DisablePainted Valor="false"/>
<Texto>Nome</Texto>
<Observacao/>
<Dicionario/>
<Fonte Estilo="1" Nome="Arial" Tamanho="12"/>
<Ancorado Valor="false"/>
<DirecaoFromInspector Valor="0"/>
<Autosize Valor="true"/>
<Identificador Valor="true"/>
<Opcional Valor="false"/>
<Multivalorado Valor="false"/>
<CardMinFromString Valor="1"/>
<CardMaxFromString Valor="n"/>
<TipoAtributo Valor="varchar(60)"/>
</Atributo>
<Ligacao ID="427">
<DisablePainted Valor="false"/>
<Tag LinhaMestre="-1"/>
<Dashed Valor="false"/>
<Ancorado Valor="false"/>
<TemSetaPontaA Valor="false"/>
<TemSetaPontaB Valor="false"/>
<SetaAberta Valor="true"/>
<SetaLargura Valor="10"/>
<Inteligente Valor="true"/>
<Largura Valor="1"/>
<Ligacoes PontaA="426" PontaB="422"/>
<Pontos>
<Ponto Left="1834" Top="699"/>
<Ponto Left="1822" Top="699"/>
<Ponto Left="1822" Top="717"/>
</Pontos>
</Ligacao>
<Entidade ID="501">
<Bounds Height="58" Left="1448" Top="1223" Width="174"/>
<DisablePainted Valor="false"/>
<Texto>aprovacao_emprestimo</Texto>
<Observacao/>
<Dicionario/>
<Fonte Estilo="1" Nome="Arial" Tamanho="12"/>
<Ancorado Valor="false"/>
<AtributosOcultos Valor=""/>
</Entidade>
<Atributo ID="507">
<Bounds Height="14" Left="1543" Top="1288" Width="35"/>
<DisablePainted Valor="false"/>
<Texto>ID</Texto>
<Observacao/>
<Dicionario/>
<Fonte Estilo="1" Nome="Arial" Tamanho="12"/>
<Ancorado Valor="false"/>
<DirecaoFromInspector Valor="0"/>
<Autosize Valor="true"/>
<Identificador Valor="true"/>
<Opcional Valor="false"/>
<Multivalorado Valor="false"/>
<CardMinFromString Valor="1"/>
<CardMaxFromString Valor="n"/>
<TipoAtributo Valor="INT"/>
</Atributo>
<Ligacao ID="508">
<DisablePainted Valor="false"/>
<Tag LinhaMestre="-1"/>
<Dashed Valor="false"/>
<Ancorado Valor="false"/>
<TemSetaPontaA Valor="false"/>
<TemSetaPontaB Valor="false"/>
<SetaAberta Valor="true"/>
<SetaLargura Valor="10"/>
<Inteligente Valor="true"/>
<Largura Valor="1"/>
<Ligacoes PontaA="507" PontaB="501"/>
<Pontos>
<Ponto Left="1539" Top="1292"/>
<Ponto Left="1522" Top="1292"/>
<Ponto Left="1522" Top="1278"/>
</Pontos>
</Ligacao>
<Ligacao ID="511">
<DisablePainted Valor="false"/>
<Tag LinhaMestre="-1"/>
<Dashed Valor="false"/>
<Ancorado Valor="false"/>
<TemSetaPontaA Valor="false"/>
<TemSetaPontaB Valor="false"/>
<SetaAberta Valor="true"/>
<SetaLargura Valor="10"/>
<Inteligente Valor="true"/>
<Largura Valor="1"/>
<Ligacoes PontaA="236" PontaB="501"/>
<Pontos>
<Ponto Left="1370" Top="1055"/>
<Ponto Left="1370" Top="1262"/>
<Ponto Left="1444" Top="1262"/>
</Pontos>
<Cardinalidade ID="515">
<Bounds Height="15" Left="1404" Top="1249" Width="36"/>
<DisablePainted Valor="false"/>
<Texto>Cardinalidade_16</Texto>
<Observacao/>
<Dicionario/>
<Fonte Estilo="1" Nome="Arial" Tamanho="12"/>
<Ancorado Valor="false"/>
<TamanhoAutmatico Valor="true"/>
<Card Valor="3"/>
<MovimentacaoManual Valor="false"/>
<Papel Valor=""/>
</Cardinalidade>
</Ligacao>
<Ligacao ID="532">
<DisablePainted Valor="false"/>
<Tag LinhaMestre="-1"/>
<Dashed Valor="false"/>
<Ancorado Valor="false"/>
<TemSetaPontaA Valor="false"/>
<TemSetaPontaB Valor="false"/>
<SetaAberta Valor="true"/>
<SetaLargura Valor="10"/>
<Inteligente Valor="true"/>
<Largura Valor="1"/>
<Ligacoes PontaA="533" PontaB="501"/>
<Pontos>
<Ponto Left="1553" Top="1175"/>
<Ponto Left="1553" Top="1197"/>
<Ponto Left="1547" Top="1197"/>
<Ponto Left="1547" Top="1219"/>
</Pontos>
<Cardinalidade ID="534">
<Bounds Height="15" Left="1515" Top="1200" Width="34"/>
<DisablePainted Valor="false"/>
<Texto>Cardinalidade_17</Texto>
<Observacao/>
<Dicionario/>
<Fonte Estilo="1" Nome="Arial" Tamanho="12"/>
<Ancorado Valor="false"/>
<TamanhoAutmatico Valor="true"/>
<Card Valor="0"/>
<MovimentacaoManual Valor="false"/>
<Papel Valor=""/>
</Cardinalidade>
</Ligacao>
<Relacionamento ID="533">
<Bounds Height="61" Left="1486" Top="1117" Width="141"/>
<DisablePainted Valor="false"/>
<Texto>Funcionario que aprovou</Texto>
<Observacao/>
<Dicionario/>
<Fonte Estilo="1" Nome="Arial" Tamanho="12"/>
<Ancorado Valor="false"/>
</Relacionamento>
<Ligacao ID="535">
<DisablePainted Valor="false"/>
<Tag LinhaMestre="-1"/>
<Dashed Valor="false"/>
<Ancorado Valor="false"/>
<TemSetaPontaA Valor="false"/>
<TemSetaPontaB Valor="false"/>
<SetaAberta Valor="true"/>
<SetaLargura Valor="10"/>
<Inteligente Valor="true"/>
<Largura Valor="1"/>
<Ligacoes PontaA="17" PontaB="533"/>
<Pontos>
<Ponto Left="1574" Top="1071"/>
<Ponto Left="1553" Top="1071"/>
<Ponto Left="1553" Top="1114"/>
</Pontos>
<Cardinalidade ID="536">
<Bounds Height="15" Left="1536" Top="1058" Width="34"/>
<DisablePainted Valor="false"/>
<Texto>Cardinalidade_18</Texto>
<Observacao/>
<Dicionario/>
<Fonte Estilo="1" Nome="Arial" Tamanho="12"/>
<Ancorado Valor="false"/>
<TamanhoAutmatico Valor="true"/>
<Card Valor="0"/>
<MovimentacaoManual Valor="false"/>
<Papel Valor=""/>
</Cardinalidade>
</Ligacao>
<Ligacao ID="552">
<DisablePainted Valor="false"/>
<Tag LinhaMestre="-1"/>
<Dashed Valor="false"/>
<Ancorado Valor="false"/>
<TemSetaPontaA Valor="false"/>
<TemSetaPontaB Valor="false"/>
<SetaAberta Valor="true"/>
<SetaLargura Valor="10"/>
<Inteligente Valor="true"/>
<Largura Valor="1"/>
<Ligacoes PontaA="553" PontaB="422"/>
<Pontos>
<Ponto Left="1598" Top="822"/>
<Ponto Left="1758" Top="822"/>
<Ponto Left="1758" Top="776"/>
</Pontos>
<Cardinalidade ID="554">
<Bounds Height="15" Left="1726" Top="786" Width="34"/>
<DisablePainted Valor="false"/>
<Texto>Cardinalidade_19</Texto>
<Observacao/>
<Dicionario/>
<Fonte Estilo="1" Nome="Arial" Tamanho="12"/>
<Ancorado Valor="false"/>
<TamanhoAutmatico Valor="true"/>
<Card Valor="0"/>
<MovimentacaoManual Valor="false"/>
<Papel Valor=""/>
</Cardinalidade>
</Ligacao>
<Relacionamento ID="553">
<Bounds Height="50" Left="1451" Top="800" Width="150"/>
<DisablePainted Valor="false"/>
<Texto>disponivel / em_uso</Texto>
<Observacao/>
<Dicionario/>
<Fonte Estilo="1" Nome="Arial" Tamanho="12"/>
<Ancorado Valor="false"/>
</Relacionamento>
<Ligacao ID="555">
<DisablePainted Valor="false"/>
<Tag LinhaMestre="-1"/>
<Dashed Valor="false"/>
<Ancorado Valor="false"/>
<TemSetaPontaA Valor="false"/>
<TemSetaPontaB Valor="false"/>
<SetaAberta Valor="true"/>
<SetaLargura Valor="10"/>
<Inteligente Valor="true"/>
<Largura Valor="1"/>
<Ligacoes PontaA="189" PontaB="553"/>
<Pontos>
<Ponto Left="1461" Top="872"/>
<Ponto Left="1523" Top="872"/>
<Ponto Left="1523" Top="847"/>
</Pontos>
<Cardinalidade ID="556">
<Bounds Height="15" Left="1471" Top="859" Width="34"/>
<DisablePainted Valor="false"/>
<Texto>Cardinalidade_20</Texto>
<Observacao/>
<Dicionario/>
<Fonte Estilo="1" Nome="Arial" Tamanho="12"/>
<Ancorado Valor="false"/>
<TamanhoAutmatico Valor="true"/>
<Card Valor="0"/>
<MovimentacaoManual Valor="false"/>
<Papel Valor=""/>
</Cardinalidade>
</Ligacao>
<Ligacao ID="565">
<DisablePainted Valor="false"/>
<Tag LinhaMestre="-1"/>
<Dashed Valor="false"/>
<Ancorado Valor="false"/>
<TemSetaPontaA Valor="false"/>
<TemSetaPontaB Valor="false"/>
<SetaAberta Valor="true"/>
<SetaLargura Valor="10"/>
<Inteligente Valor="true"/>
<Largura Valor="1"/>
<Ligacoes PontaA="422" PontaB="566"/>
<Pontos>
<Ponto Left="1873" Top="763"/>
<Ponto Left="2066" Top="763"/>
<Ponto Left="2066" Top="1072"/>
</Pontos>
<Cardinalidade ID="567">
<Bounds Height="15" Left="1883" Top="750" Width="34"/>
<DisablePainted Valor="false"/>
<Texto>Cardinalidade_21</Texto>
<Observacao/>
<Dicionario/>
<Fonte Estilo="1" Nome="Arial" Tamanho="12"/>
<Ancorado Valor="false"/>
<TamanhoAutmatico Valor="true"/>
<Card Valor="0"/>
<MovimentacaoManual Valor="false"/>
<Papel Valor=""/>
</Cardinalidade>
</Ligacao>
<Relacionamento ID="566">
<Bounds Height="73" Left="1985" Top="1075" Width="169"/>
<DisablePainted Valor="false"/>
<Texto>aprovado / recusado / aguardando</Texto>
<Observacao/>
<Dicionario/>
<Fonte Estilo="1" Nome="Arial" Tamanho="12"/>
<Ancorado Valor="false"/>
</Relacionamento>
<Ligacao ID="568">
<DisablePainted Valor="false"/>
<Tag LinhaMestre="-1"/>
<Dashed Valor="false"/>
<Ancorado Valor="false"/>
<TemSetaPontaA Valor="false"/>
<TemSetaPontaB Valor="false"/>
<SetaAberta Valor="true"/>
<SetaLargura Valor="10"/>
<Inteligente Valor="true"/>
<Largura Valor="1"/>
<Ligacoes PontaA="501" PontaB="566"/>
<Pontos>
<Ponto Left="1619" Top="1228"/>
<Ponto Left="2066" Top="1228"/>
<Ponto Left="2066" Top="1145"/>
</Pontos>
<Cardinalidade ID="569">
<Bounds Height="15" Left="1629" Top="1215" Width="34"/>
<DisablePainted Valor="false"/>
<Texto>Cardinalidade_22</Texto>
<Observacao/>
<Dicionario/>
<Fonte Estilo="1" Nome="Arial" Tamanho="12"/>
<Ancorado Valor="false"/>
<TamanhoAutmatico Valor="true"/>
<Card Valor="0"/>
<MovimentacaoManual Valor="false"/>
<Papel Valor=""/>
</Cardinalidade>
</Ligacao>
<Atributo ID="581">
<Bounds Height="14" Left="1544" Top="1324" Width="86"/>
<DisablePainted Valor="false"/>
<Texto>ID_reserva</Texto>
<Observacao/>
<Dicionario/>
<Fonte Estilo="1" Nome="Arial" Tamanho="12"/>
<Ancorado Valor="false"/>
<DirecaoFromInspector Valor="0"/>
<Autosize Valor="true"/>
<Identificador Valor="true"/>
<Opcional Valor="false"/>
<Multivalorado Valor="false"/>
<CardMinFromString Valor="1"/>
<CardMaxFromString Valor="n"/>
<TipoAtributo Valor="INT"/>
</Atributo>
<Ligacao ID="582">
<DisablePainted Valor="false"/>
<Tag LinhaMestre="-1"/>
<Dashed Valor="false"/>
<Ancorado Valor="false"/>
<TemSetaPontaA Valor="false"/>
<TemSetaPontaB Valor="false"/>
<SetaAberta Valor="true"/>
<SetaLargura Valor="10"/>
<Inteligente Valor="true"/>
<Largura Valor="1"/>
<Ligacoes PontaA="581" PontaB="501"/>
<Pontos>
<Ponto Left="1540" Top="1328"/>
<Ponto Left="1508" Top="1328"/>
<Ponto Left="1508" Top="1278"/>
</Pontos>
</Ligacao>
<Atributo ID="583">
<Bounds Height="14" Left="1544" Top="1342" Width="78"/>
<DisablePainted Valor="false"/>
<Texto>ID_status</Texto>
<Observacao/>
<Dicionario/>
<Fonte Estilo="1" Nome="Arial" Tamanho="12"/>
<Ancorado Valor="false"/>
<DirecaoFromInspector Valor="0"/>
<Autosize Valor="true"/>
<Identificador Valor="true"/>
<Opcional Valor="false"/>
<Multivalorado Valor="false"/>
<CardMinFromString Valor="1"/>
<CardMaxFromString Valor="n"/>
<TipoAtributo Valor=""/>
</Atributo>
<Ligacao ID="584">
<DisablePainted Valor="false"/>
<Tag LinhaMestre="-1"/>
<Dashed Valor="false"/>
<Ancorado Valor="false"/>
<TemSetaPontaA Valor="false"/>
<TemSetaPontaB Valor="false"/>
<SetaAberta Valor="true"/>
<SetaLargura Valor="10"/>
<Inteligente Valor="true"/>
<Largura Valor="1"/>
<Ligacoes PontaA="583" PontaB="501"/>
<Pontos>
<Ponto Left="1540" Top="1346"/>
<Ponto Left="1498" Top="1346"/>
<Ponto Left="1498" Top="1278"/>
</Pontos>
</Ligacao>
<Atributo ID="587">
<Bounds Height="14" Left="1544" Top="1307" Width="113"/>
<DisablePainted Valor="false"/>
<Texto>ID_funcionario</Texto>
<Observacao/>
<Dicionario/>
<Fonte Estilo="1" Nome="Arial" Tamanho="12"/>
<Ancorado Valor="false"/>
<DirecaoFromInspector Valor="0"/>
<Autosize Valor="true"/>
<Identificador Valor="true"/>
<Opcional Valor="false"/>
<Multivalorado Valor="false"/>
<CardMinFromString Valor="1"/>
<CardMaxFromString Valor="n"/>
<TipoAtributo Valor="INT"/>
</Atributo>
<Ligacao ID="588">
<DisablePainted Valor="false"/>
<Tag LinhaMestre="-1"/>
<Dashed Valor="false"/>
<Ancorado Valor="false"/>
<TemSetaPontaA Valor="false"/>
<TemSetaPontaB Valor="false"/>
<SetaAberta Valor="true"/>
<SetaLargura Valor="10"/>
<Inteligente Valor="true"/>
<Largura Valor="1"/>
<Ligacoes PontaA="587" PontaB="501"/>
<Pontos>
<Ponto Left="1540" Top="1311"/>
<Ponto Left="1514" Top="1311"/>
<Ponto Left="1514" Top="1278"/>
</Pontos>
</Ligacao>
<Atributo ID="589">
<Bounds Height="14" Left="1544" Top="1362" Width="47"/>
<DisablePainted Valor="false"/>
<Texto>data</Texto>
<Observacao/>
<Dicionario/>
<Fonte Estilo="1" Nome="Arial" Tamanho="12"/>
<Ancorado Valor="false"/>
<DirecaoFromInspector Valor="0"/>
<Autosize Valor="true"/>
<Identificador Valor="false"/>
<Opcional Valor="false"/>
<Multivalorado Valor="false"/>
<CardMinFromString Valor="1"/>
<CardMaxFromString Valor="n"/>
<TipoAtributo Valor="Date"/>
</Atributo>
<Ligacao ID="590">
<DisablePainted Valor="false"/>
<Tag LinhaMestre="-1"/>
<Dashed Valor="false"/>
<Ancorado Valor="false"/>
<TemSetaPontaA Valor="false"/>
<TemSetaPontaB Valor="false"/>
<SetaAberta Valor="true"/>
<SetaLargura Valor="10"/>
<Inteligente Valor="true"/>
<Largura Valor="1"/>
<Ligacoes PontaA="589" PontaB="501"/>
<Pontos>
<Ponto Left="1540" Top="1366"/>
<Ponto Left="1488" Top="1366"/>
<Ponto Left="1488" Top="1278"/>
</Pontos>
</Ligacao>
<Ligacao ID="622">
<DisablePainted Valor="false"/>
<Tag LinhaMestre="-1"/>
<Dashed Valor="false"/>
<Ancorado Valor="false"/>
<TemSetaPontaA Valor="false"/>
<TemSetaPontaB Valor="false"/>
<SetaAberta Valor="true"/>
<SetaLargura Valor="10"/>
<Inteligente Valor="true"/>
<Largura Valor="1"/>
<Ligacoes PontaA="623" PontaB="403"/>
<Pontos>
<Ponto Left="1515" Top="545"/>
<Ponto Left="1280" Top="545"/>
<Ponto Left="1280" Top="476"/>
<Ponto Left="1046" Top="476"/>
</Pontos>
<Cardinalidade ID="624">
<Bounds Height="15" Left="1056" Top="463" Width="34"/>
<DisablePainted Valor="false"/>
<Texto>Cardinalidade_23</Texto>
<Observacao/>
<Dicionario/>
<Fonte Estilo="1" Nome="Arial" Tamanho="12"/>
<Ancorado Valor="false"/>
<TamanhoAutmatico Valor="true"/>
<Card Valor="0"/>
<MovimentacaoManual Valor="false"/>
<Papel Valor=""/>
</Cardinalidade>
</Ligacao>
<Relacionamento ID="623">
<Bounds Height="66" Left="1518" Top="515" Width="306"/>
<DisablePainted Valor="false"/>
<Texto>CHECADO / AGUARDANDO_CHECAGEM</Texto>
<Observacao/>
<Dicionario/>
<Fonte Estilo="1" Nome="Arial" Tamanho="12"/>
<Ancorado Valor="false"/>
</Relacionamento>
<Ligacao ID="625">
<DisablePainted Valor="false"/>
<Tag LinhaMestre="-1"/>
<Dashed Valor="false"/>
<Ancorado Valor="false"/>
<TemSetaPontaA Valor="false"/>
<TemSetaPontaB Valor="false"/>
<SetaAberta Valor="true"/>
<SetaLargura Valor="10"/>
<Inteligente Valor="true"/>
<Largura Valor="1"/>
<Ligacoes PontaA="422" PontaB="623"/>
<Pontos>
<Ponto Left="1776" Top="717"/>
<Ponto Left="1776" Top="648"/>
<Ponto Left="1668" Top="648"/>
<Ponto Left="1668" Top="578"/>
</Pontos>
<Cardinalidade ID="626">
<Bounds Height="15" Left="1744" Top="698" Width="34"/>
<DisablePainted Valor="false"/>
<Texto>Cardinalidade_24</Texto>
<Observacao/>
<Dicionario/>
<Fonte Estilo="1" Nome="Arial" Tamanho="12"/>
<Ancorado Valor="false"/>
<TamanhoAutmatico Valor="true"/>
<Card Valor="0"/>
<MovimentacaoManual Valor="false"/>
<Papel Valor=""/>
</Cardinalidade>
</Ligacao>
</DIAGRAMA>
